path,title,sha256
docs/action-change-supervision.md,# 增加动作变化帧监督权重的配对诊断,66d0395aebf0fa1bf3f46108624ab1a42db9104c3429be53dca6cc11f1ad123d
docs/action-id-combat-features.md,# 动作编号类别向量对照,c0407311800800429f3393d841ccb006585a8c42e03c2cc7f690b2f09e699f5f
docs/adaptive-br-second-budget.md,# 较易对手恢复后的第二个明确预算,efa2aeb35d8fb6f46ad1482487da6136a1b41c0c3c8dea5d79c8c37ee25b6b2f
docs/adaptive-curriculum.md,# 自适应 BR 课程,89d98445c9e81e65535b4e2649a5076fbe7efbf3067ae85bf1dca3f64a7bdd58
docs/address-change-supervision.md,# 地址无关编码下的动作变化帧监督,e85272d069e568da7aa2fce30881357de790d80756b6211477e0f329a3866e5f
docs/address-credit-horizons.md,# 地址不变 PPO 的采样片段与优势传播,3abdd89ceef1f2695eb83b7b596fc0b9c8c4d860b0bc010d8facd2b1b0fb4768
docs/address-diverse-rollouts.md,# 增加并行采样的共享 PPO 对照,e7c4e17fbeb7790aec2515136bcc627d9c6f325a78ea5e4089003e268870f873
docs/address-early-curriculum.md,# 地址不变 PPO：提前启用长期课程反馈,0323df82155a3718039e9212bf803d7d8afe9572a1ea0b7f7d53104806300be5
docs/address-entropy-exploration.md,# 地址不变 PPO 的探索强度对照,4b1c56174e179ab7b16c1898bcfe38c4661e14930b51a0479c595efb71c2922f
docs/address-entropy-zero.md,# BC 初始化后的无熵奖励 PPO 对照,42f6e55131914386bc465799674a705b22ce002dbfcfdcbddae943de973843c8
docs/address-feature-split.md,# 从相同权重分离 PPO 的 actor/critic 特征,5a6cead20c7599089aedc9d1008223eddc4fbd2139e5c443c939fb57816f98bc
docs/address-invariant-data-expansion.md,# 地址不变策略的教师数据扩充,d3cd7c89b7a73c0530b3f2d58b39d93865bce30ac82203cf4eb9933716eada00
docs/address-invariant-learner-aggregation.md,# 地址不变策略的学习者轨迹聚合,8cff7f99c5af77043a043b3c31950e88f57c322856aae4d3f428e123c22f970e
docs/address-invariant-memory-capacity.md,# 地址不变策略的循环容量对照,71c9d9afcd60e953140a9fc81eed30794cdc23a5c584d4401d7da7e4c1da829e
docs/address-invariant-policy.md,# 消除神经策略对游戏进程地址的依赖,fcb4ea9d82b3bb20835be82fc999b42df2fce6e6112087d816d2ad8a905f102d
docs/address-invariant-ppo.md,# 地址不变初始化下的自适应 PPO 对照,42e5e422f45e0617a775a6281fabdf340f3d1b6d7bd8d95f94525df6a6eec90a
docs/address-large-batch.md,# 地址不变 PPO 的 minibatch 大小对照,54374a0cc03dda16264646e458c69518bebe4e6c7c5874f063ac393ff0f52b9c
docs/address-mixture-comparison.md,# 地址不变 PPO 的自适应混合方式对照,af53f641215c2316e2fceb497746cc1c5cd9d870710a3f8ae10d6e33cd423e29
docs/address-narrow-clip.md,# 地址不变 PPO：策略裁剪范围对照,223b46f9cda73281e9a4096bbf5688f99f1f196e0f0ef6d949c06f34803ee5ad
docs/address-rule-reference.md,# 原神 AI 的同种子参照,f96c7757c4b813484af1489cf6a8e63eac35acfc98610dbbf2b1ce8404ecfb2e
docs/address-small-step-ppo.md,# 地址不变 PPO 的学习率对照,ebd760a75476976115efe350922c55cc239815cd39c1f983c731dba58b3828dc
docs/address-wide-credit.md,# 8192 帧回报窗口的固定预算检验,2195aaf8cb76c563f98ddd4c2b9645a068aa78fb3144a642bafec8ea88c7c484
docs/algorithms.md,# 共享 RL 与多智能体训练,33c399dc3ac6cdf6298e58b3e7a90b26ec244ac7f9ff46f11ef8ed1f0cfc5067
docs/architecture.md,# 架构与职责,7dcce1ddccf68ad931da823e27801aac954c2cad8df54176a92f3f3795bbf773
docs/balanced-sampling-budget.md,# 均衡双座位的连续采样预算,908ae800bb04fc0f71dd4423a50079a32e5ffd9b40723bc50b74824284b596b1
docs/baselines.md,# 基于状态决策树的对战基线,26d00727c0a4fab1893b75ce3bb868460fdc5f52dcba82da53be6bbfbd5f874c
docs/bc-onnx-play.md,# 地址不变 BC 的 ONNX 游玩验收,3582a1b110b94e32d83bf9f97592c9de32cff2ece1ae5d9563a2ce89a69fed58
docs/bc-rule-benchmark.md,# 地址不变 BC 对 15 个规则策略的比分,1e27f5a848d4fed14bb8f85cc9ffc9b483221d0a54ad688eea73a7b184800d1f
docs/block-noise-curriculum.md,# 保留连续神 AI 决策的自适应噪声对照,bf37b5a9abfbacaf7cbada818e24b51daabb078c02f1df4f2625c9bf0cceeeaa
docs/block-noise-difficulty-transfer.md,# 块噪声训练后的固定难度对照,72d2dfd3af8552f9a766219bf0c9f14caf6bbf7c53df04c8f20fc95c7c1bac1c
docs/br-input-behavior.md,# 长训练检查点的实际逻辑输入,a8f8292edd2361cca11dcafda5237d7d124906477d15d86add907d106ef8a91b
docs/canonical-combat-inputs.md,# 以当前自身朝向统一几何输入,3f57dd5bda5d76211cbbbd339fe1de808af4726848028d2f02f32abcd03fe5b9
docs/community-ai.md,# 神 AI 原脚本接入与行为核对,887c8bf63ab7bdc4531197d30e07082ccb7415218045df5715695a61f3ac5e46
docs/community-evaluation.md,# 社区规则子集的真实对战结果,90f34d7322f3d032e567bcb37bf289f20cb48eaa3efc75a57c3d3959238f446b
docs/critic-calibration.md,# 在学习者自身轨迹上校准独立 critic,6072afb2d55985e7631ab196712751d84ae2d14c3761f7d656fe7af0b1769bfd
docs/cross-character-development.md,# 同一 PPO 的跨对手角色开发诊断,b27985437be97a8080b1865c1d606f30baf230bc4200bd7c231cdededff7b8db
docs/current-play-policy.md,# 当前试玩策略及独立测试成绩,9d35ddd11e7f661fe535038d8e3d412fd3f75f8c341b3f9677cda4d4c6270de5
docs/curriculum-feedback-age.md,# 并行对局下的自适应课程反馈滞后,b06cb1b6044499e638f47aed1e84f36e9744312992d03b688e566fce6e756ccb
docs/curriculum-feedback-frequency.md,# 长期平均不变，缩短课程反馈间隔,08217782788811fe41a153551afe70d628f06680e45516ae5db623890b8e4c00
docs/curriculum-sampling-budget.md,# 自适应课程的采样预算实验,061ac5fbeb7137a936b3af7fabd7a0805ffbc7b8c62ff1af5c9cd7f13802d2f0
docs/demonstration-evaluation.md,# 固定验证集上的行为保留检查,c00e9f012b923a35e307e08d4f8ba1d88da99d09138c54ac22fb1fca13e59e93
docs/demonstration-initialization.md,# 共享 PPO 的示范初始化,38bccef24fe07fe9edc9fd77b8ef4f8c26695384e3b29dffe02b30697d0cbcd8
docs/development-plan.md,# 开发计划与验收顺序,f3cff760e97969563eff869d4599fa9d6260af81599a9b13124d4659b663a9d2
docs/dqn-weak-opponent.md,# DQN 对弱规则对手的训练验收,6db7102ef085202d87626febbfc2defb64b0ad22f3d72d63ff7e890f2c8bd070
docs/dqn.md,# 共享 DQN 与 MARL,42826a01a48c9c120185c7f4415369a03b0ecf2775589b6751c25a1b4e52c66e
docs/env-validation.md,# 双人环境验收记录,9c9ff6b162324dba12a6ac51f402654b70e9897abb9a2439f4ee16424c8f1bb2
docs/environment-model.md,# 强化学习环境建模,9f1b836a8d3903bcea9ee14f17d1468970e3c47de774db81ccdba2ea05ff86fc
docs/episode-mixture-curriculum.md,# 按整局混合 uniform 与原策略的自适应课程,49e0d50a106b1017f2c3e132f7198efbbb298d34d2973bf6d018461492b1d8e1
docs/facing-action-head.md,# 按自身朝向表达的循环动作头,ab9a7b3126faab82e8371e35282e3c5196930df12043c59b07f587acacfb7c4c
docs/factorized-actions.md,# 共享 PPO 的方向/按键动作头,97961a1f5f1ce16937b123f1512235e415b619ee76cda98546439798944a4adf
docs/feedforward-address-invariant.md,# 地址不变前馈网络对照,aeac4ab9b99e26eb43f46a986c26f1408b1bd1888224c6fdb2b85c375c4d1ac1
docs/frozen-actor-representation.md,# 固定 actor 表示的共享 PPO 微调,338d41ab8158a3ac9513e57e0a61add24a1b66759813b7442e79bc3fb9f532ba
docs/frozen-noise-boundary.md,# 冻结百万步策略的中间噪声测评,993e877529fff2ec53e2408379ebde866cc1d24b1e306ac813e63d7268831b63
docs/frozen-noise-calibration.md,# 冻结初始化的混合对手难度检查,930eba914e6c218381c6acfb98cef5d04ea4db080e55ec3896c24b26395c89c1
docs/human-aligned-env.md,# 面向双人学习的环境改造,47755f6ee233f575ce755d807e2bc20ce3e0fdecc8c7a3b09545025d4403b021
docs/input-metrics.md,# 训练和测评中的实际逻辑输入统计,c030139acfd47b2a9443d7b50f721cdfbe2bc0e0f25e10d1ec8a5bdb92cbb9e8
docs/installation.md,# 安装、构建与部署,13957caa1165d32c6d1c9646c969deb519665ab1fd05b459d5b72bf658dfd501
docs/learning-wrappers.md,# 帮助策略学习的环境包装层,1a257f05abf6b8489e8630c33c52e70f28971795d8cdd353a93a9d635a5311d5
docs/linux-development.md,# 在同一个仓库中完成 Linux 开发,9b43b66998bd21c2a6013d04e4e36b39e3a84942884a2afacd55c3fa312e50f6
docs/linux-performance.md,# Linux 运行与性能决策,fe735555769126dc5847b28030c1c6c93a314812d7dffa917e4743b38933f4ac
docs/local-match.md,# 本地逐帧对战,dc79299b44884d79be672a39752b6e9e287ae9dfcd0e39d7b67a2d1282b5768a
docs/local-play.md,# 统一人机与联网对战入口,0c3f6d9ddf340d10b5407f62882091fcf3eadd3561da408df998c40dd2590cdf
docs/low-noise-feedback.md,# 从已掌握的较低噪声处重新校准自适应课程,67b2e8a691c128788b7b5d8969130b0ba06c6778bf96a5920e5c562b0f238730
docs/multi-agent-env.md,# 双人环境、多环境采样与公开算法,e6f76aa1cc99dbad16027f340b0f373640df21ca1e9156382bebdf6ac5875800
docs/native-workflows.md,# 原生控制、回放与验证,bd56471e8df3d98e1de4baed12786b675969bfd6687b20d3803c1772869c6d65
docs/network-play.md,# 联网对战施工记录,83885c1c2298f8b21cee72c2d853829c0a3d035fa31446e3106c54538063ac31
docs/noisy-teacher-demonstrations.md,# 用教师扰动补充恢复动作示范,a101b5991cc89fa90bbb1f19d7ab82511b0a7b4aebcfeda4705cd9290ae153e6
docs/noisy-teacher-noise-calibration.md,# 示范扰动概率的只读标定,8ba9f386fe03c3c9a844335087ffaff0e72e601ac7ceeb51215cbd1880ac5816
docs/numeric-combat-features.md,# 完整数值通道与战斗上下文的组合,332b840134463ad9098c8e8ed7d5fbe565771b9310307ffe7b8f78e3644efc03
docs/object-encoding-efficiency.md,# 完整数值物体编码的计算开销,e9c24512409e5f09030cdb9fa7027592a5b4480e99d4f18758166c298d9d8f7d
docs/offline-native-snapshot.md,# 离线完整原生快照实验,26b6802dd2314eb6086b970656adff20ba2fa15e0b0aae13402fc8088d7829ba
docs/online-anchor-strength.md,# 冻结策略约束的力度校准,e52aa013c46a3b872e4e557129d1427641548d7576fec93c1754d36a6a8cff79
docs/online-policy-anchor.md,# 当前轨迹上的冻结策略约束,684e4bb83f83f3920fb7bb1ee4aa4010e4a5d24c25c773980141e4cb8a235a25
docs/online-rule-teacher.md,# 当前学习者轨迹上的原神 AI 教师,330c3e6e7c7b1c72c502cda0d7441dfa570e0b21f785a08ad426b9fbb87c540e
docs/ppo-behavior-retention.md,# PPO 更新后的示范行为保留,90ee33104df4cd9a98209784ab16362e41f855ccad22251afb6c5f7115d98c5a
docs/ppo-rehearsal.md,# PPO 在线更新后的示范复习,c0a6a647fe256120c5860c0fb606f8064dbe4b408cee859395e83d927665fc02
docs/ppo-research-notes.md,# PPO BR 训练的研究依据与待验证假设,fdcacebe9ce814a1dc6ab50c8a42965966e452e1035f339a79f6594411485552
docs/privileged-deck-reading.md,# 暂停帧内的牌组指针读取,e2776bf24c1ac7aec0453f1320775cd8ff0c67885e7ba162b3e4036b2f7a5c29
docs/recovery-demonstrations.md,# 学习者失误后的教师恢复示范,f0a60fb7cbd5bcb86e04d2a1b263d6cfbd8991dcb59e329cb7603af8617c51f0
docs/recurrent-action-persistence.md,# 循环策略的逐帧动作持续性,2a6f039dc1fb47ffebb9f12f6b8fee19f40c47eaea4e8fa66840d29ede085995
docs/recurrent-credit-experiment.md,# 数值循环 PPO 的信用分配对照,7e3b6484a335b140936cb9c4b115e19ad57720ce61aea449ebe227b58006d4cd
docs/recurrent-evaluation-batching.md,# 循环 PPO 评测的批量推理诊断,83700a79770213e3f33ee062ddc40fab503bcc2d612ab88fe778007a42c84425
docs/recurrent-factorized-actions.md,# 循环策略的方向/按键共享动作头,ee35b1ecd51729948711b0546f46c2286ac5e408b2f6baf488b06dc4181b8d4a
docs/recurrent-factorized-br.md,# 循环方向/按键头的共享 PPO 对照,5f49a879a4d02061976ea95cb9ee2a307d7b4d5d6185cb2ebae8a51469969851
docs/recurrent-initialization.md,# 共享 RecurrentPPO 的序列示范初始化,7ac4e3332088511464b4fb3e72520bf39eaca099943123fcbc55423fdb993a1e
docs/recurrent-state-audit.md,# 在线 PPO 循环状态的旁路核对,b872bb6dbd3bef5737e1b196023be82a41f7dfbf353112df36048adb57d21315
docs/recurrent-state-diagnostic.md,# 单次 PPO 更新的循环状态诊断,fc90c972d5771dae05afc112fced5070c58c5221896addc51358752d121feb9d
docs/recurrent-storage.md,# 循环 PPO 的无损观测存储,e121aaff48aa59e8e271880cc4f24f570dcd9ef81cb69f0c6071ba3a7979bc41
docs/relational-combat-features.md,# 物体关系编码对照,800133968e56534433dbaac34e7838949514f71d7d4ea4331bd819c58860b2d4
docs/replays.md,# 官方回放与环境轨迹,2478aa670c729dd8bd8bb3721a4d9b4abde97d8e0ae90deae9e4efd223ffb314
docs/rule-policy-pool.md,# 规则策略池,33831b364278c3d75b7ee5cee9312bcbe3aa5b5aa1719bc3530b9d9574b5f920
docs/sampling-performance.md,# 真实 BR 采样性能,3a76a4b50436b9e0b183a791625c00de32ba37c3423878df59348282463bf1d7
docs/strategy-evaluation.md,# 如何定义和评估两个策略的对战,bdb5cce0e0051a41bc61256bcbd6a706ea88610fdc639e06963020a98888b094
docs/teacher-replay.md,# 在线教师与原训练示范的联合监督,370761abbec6986b08b6ba745d3a7cbcf79e9ae8e0c59f22c4aa50d618a5f040
docs/teacher-takeover-diagnostic.md,# 检验学习者状态上的教师建议,2b5a31269488d06dd7b79004aeb1d4018230bba450de4936c1b150d9ed93a82a
docs/training-acceptance.md,# 训练与交付验收,b19e5cd7b9db25318f0e5f5d7d23d9adacc5456a0c991dbf014901eec1d373ac
