kind,run,path,bytes,sha256
diagnostics,logs/diagnostics/training-curves-20261001-a,logs/diagnostics/training-curves-20261001-a/baseline/progress.json,36497,304ac3ffd4c225d67c701620d6bb91f9c8274d49226bf8cd3fbd38faafee06d8
diagnostics,logs/diagnostics/training-curves-20261001-a,logs/diagnostics/training-curves-20261001-a/baseline/timing.json,2303,018841f10a76258df3c7c430d1f97290e4bd51e988578ce035fddc4a73066c3c
diagnostics,logs/diagnostics/training-curves-20261001-a,logs/diagnostics/training-curves-20261001-a/long_gae/config.yaml,4324,b591182b1b2136c3a7ce82e8b5b2ee1d74fb61284b7c5fc924b5726a642f9ea5
diagnostics,logs/diagnostics/training-curves-20261001-a,logs/diagnostics/training-curves-20261001-a/long_gae/progress.csv,2479,046972b55a9fb4c9c095b5a836e18490d8316ac2c03fa0aace05ed761f4b4f85
diagnostics,logs/diagnostics/training-curves-20261001-a,logs/diagnostics/training-curves-20261001-a/long_gae/progress.json,37248,1f586374e255224182b7070f170127b75513aef444ebd294cc42c1e3c8d255d2
diagnostics,logs/diagnostics/training-curves-20261001-a,logs/diagnostics/training-curves-20261001-a/long_gae/timing.json,2316,3494be06b0c9fdfe56f6a36c67453f90d80fb57d396ff0502fc6af770eafa855
diagnostics,logs/diagnostics/training-curves-20261001-a,logs/diagnostics/training-curves-20261001-a/mixed/config.yaml,14564,55c685986366b0e1046695a517c04b69397e7ef0f51dd4bf2e542704c37a9ca5
diagnostics,logs/diagnostics/training-curves-20261001-a,logs/diagnostics/training-curves-20261001-a/mixed/progress.csv,2899,85ffb8bda514a0c12de162a7eb81c399a3bf5738f9ae8e347f4066a6468f2e38
diagnostics,logs/diagnostics/training-curves-20261001-a,logs/diagnostics/training-curves-20261001-a/mixed/progress.json,33759,506df23d7c93f6b56ed834658fe061feb606ac8016b470d8e46ecfe086786243
diagnostics,logs/diagnostics/training-curves-20261001-a,logs/diagnostics/training-curves-20261001-a/mixed/timing.json,2757,e7ac9829a618de2f721117406959862fe27561d4708b98c1a115d28ba113daa8
diagnostics,logs/diagnostics/training-curves-20261001-a,logs/diagnostics/training-curves-20261001-a/numeric/config.yaml,4332,3a375f1c48e4b6079b1bce13170e9f3346fbba1b09e88de1abbe168e03a2123f
diagnostics,logs/diagnostics/training-curves-20261001-a,logs/diagnostics/training-curves-20261001-a/numeric/progress.csv,1487,cd043dca33407834ae74352dd84ce1367392b77e11c34d2a2460a8889b83f21e
diagnostics,logs/diagnostics/training-curves-20261001-a,logs/diagnostics/training-curves-20261001-a/numeric/progress.json,20117,c0184471adb45ffd9432875c407d05f8c70d6d4e7c82dd9030d09453be34078c
diagnostics,logs/diagnostics/training-curves-20261001-a,logs/diagnostics/training-curves-20261001-a/numeric/timing.json,1373,d339f06a0db5d04105b7dc3ffe817363661572ea6a5a70473d3dbba32049560a
diagnostics,logs/diagnostics/training-curves-20261001-a,logs/diagnostics/training-curves-20261001-a/summary.json,3586,ecd0d3a7bbb9d6b46ec9f587f6fa4e742cac104d92709b9f369f79cbeea589a9
diagnostics,logs/diagnostics/training-curves-20261001-b,logs/diagnostics/training-curves-20261001-b/baseline/config.yaml,4318,2a28a8b25daeb3c5e97dadb576a57328843502349da3ab0e8792bfe4c2fe55bc
diagnostics,logs/diagnostics/training-curves-20261001-b,logs/diagnostics/training-curves-20261001-b/baseline/progress.csv,2465,2ddd610d4376cfe23d9187ff959aeff0668c9986b0a59b1362c5884f8eb45b87
diagnostics,logs/diagnostics/training-curves-20261001-b,logs/diagnostics/training-curves-20261001-b/baseline/progress.json,36497,304ac3ffd4c225d67c701620d6bb91f9c8274d49226bf8cd3fbd38faafee06d8
diagnostics,logs/diagnostics/training-curves-20261001-b,logs/diagnostics/training-curves-20261001-b/baseline/timing.json,2303,018841f10a76258df3c7c430d1f97290e4bd51e988578ce035fddc4a73066c3c
diagnostics,logs/diagnostics/training-curves-20261001-b,logs/diagnostics/training-curves-20261001-b/long_gae/config.yaml,4324,b591182b1b2136c3a7ce82e8b5b2ee1d74fb61284b7c5fc924b5726a642f9ea5
diagnostics,logs/diagnostics/training-curves-20261001-b,logs/diagnostics/training-curves-20261001-b/long_gae/progress.csv,2479,046972b55a9fb4c9c095b5a836e18490d8316ac2c03fa0aace05ed761f4b4f85
diagnostics,logs/diagnostics/training-curves-20261001-b,logs/diagnostics/training-curves-20261001-b/long_gae/progress.json,37248,1f586374e255224182b7070f170127b75513aef444ebd294cc42c1e3c8d255d2
diagnostics,logs/diagnostics/training-curves-20261001-b,logs/diagnostics/training-curves-20261001-b/long_gae/timing.json,2316,3494be06b0c9fdfe56f6a36c67453f90d80fb57d396ff0502fc6af770eafa855
diagnostics,logs/diagnostics/training-curves-20261001-b,logs/diagnostics/training-curves-20261001-b/mixed/config.yaml,14564,55c685986366b0e1046695a517c04b69397e7ef0f51dd4bf2e542704c37a9ca5
diagnostics,logs/diagnostics/training-curves-20261001-b,logs/diagnostics/training-curves-20261001-b/mixed/progress.csv,2899,85ffb8bda514a0c12de162a7eb81c399a3bf5738f9ae8e347f4066a6468f2e38
diagnostics,logs/diagnostics/training-curves-20261001-b,logs/diagnostics/training-curves-20261001-b/mixed/progress.json,33759,506df23d7c93f6b56ed834658fe061feb606ac8016b470d8e46ecfe086786243
diagnostics,logs/diagnostics/training-curves-20261001-b,logs/diagnostics/training-curves-20261001-b/mixed/timing.json,2757,e7ac9829a618de2f721117406959862fe27561d4708b98c1a115d28ba113daa8
diagnostics,logs/diagnostics/training-curves-20261001-b,logs/diagnostics/training-curves-20261001-b/numeric/config.yaml,4332,3a375f1c48e4b6079b1bce13170e9f3346fbba1b09e88de1abbe168e03a2123f
diagnostics,logs/diagnostics/training-curves-20261001-b,logs/diagnostics/training-curves-20261001-b/numeric/progress.csv,1487,cd043dca33407834ae74352dd84ce1367392b77e11c34d2a2460a8889b83f21e
diagnostics,logs/diagnostics/training-curves-20261001-b,logs/diagnostics/training-curves-20261001-b/numeric/progress.json,20117,c0184471adb45ffd9432875c407d05f8c70d6d4e7c82dd9030d09453be34078c
diagnostics,logs/diagnostics/training-curves-20261001-b,logs/diagnostics/training-curves-20261001-b/numeric/timing.json,1373,d339f06a0db5d04105b7dc3ffe817363661572ea6a5a70473d3dbba32049560a
diagnostics,logs/diagnostics/training-curves-20261001-b,logs/diagnostics/training-curves-20261001-b/summary.json,3805,57d7c222dc9380c69e0e4fdeaae9a14193922139cc2fb2578024ee99c40e6296
diagnostics,logs/diagnostics/wide-credit-audit-20261003,logs/diagnostics/wide-credit-audit-20261003/final-progress.json,803017,ed058cafa4770fb7214af907d068c24f8eef1cdb100125afda259c44b031883f
diagnostics,logs/diagnostics/wide-credit-audit-20261003,logs/diagnostics/wide-credit-audit-20261003/final.json,11669,47f24c577d25ec4f99fd3e9b99601f6288bf6f09594c81c9717ed221991fd422
diagnostics,logs/diagnostics/wide-credit-audit-20261003,logs/diagnostics/wide-credit-audit-20261003/final_games.json,1199,5e9e69f185005ff1b12e3cf8d220db8ab19c1f2e09136fb195e7f2a5d768a725
diagnostics,logs/diagnostics/wide-credit-audit-20261003,logs/diagnostics/wide-credit-audit-20261003/start-progress.json,159414,8aa77956fac3bc98ed0b5457dceed6a486ddf198fe919a157c16f3b4edbfc9cf
diagnostics,logs/diagnostics/wide-credit-audit-20261003,logs/diagnostics/wide-credit-audit-20261003/start.json,4154,cb5b7fc6543fd19e9e59b7bccc5d65354729179f2c4a73e978e1334194b1cb33
diagnostics,logs/diagnostics/wide-credit-final-input-metrics-audit-20261003,logs/diagnostics/wide-credit-final-input-metrics-audit-20261003/summary.json,5299,1f94d5edfc3d58445d25fe0aa788dbdbddf526fe757f35aee923e47b1e548eb2
diagnostics,logs/diagnostics/wide-credit-final-input-metrics-audit-20261003-hydra,logs/diagnostics/wide-credit-final-input-metrics-audit-20261003-hydra/.hydra/config.yaml,216,ef45c7f88a8edbfa776bff6c19ad2fa3bdde8dbb942356c05e58355d6bdea826
diagnostics,logs/diagnostics/wide-credit-final-input-metrics-audit-20261003-hydra,logs/diagnostics/wide-credit-final-input-metrics-audit-20261003-hydra/.hydra/hydra.yaml,3830,8d9b17f8ef90f9b991df1381c7cf6b91e46c53ef265883b1a69e2f9d1ccd8cba
diagnostics,logs/diagnostics/wide-credit-final-input-metrics-audit-20261003-hydra,logs/diagnostics/wide-credit-final-input-metrics-audit-20261003-hydra/.hydra/overrides.yaml,209,cfaa47851e486e20677f3ab65f8c7eaea8d1933f5abc333cb52bef1fa0f2a864
diagnostics,logs/diagnostics/wide-credit-preflight-20261003,logs/diagnostics/wide-credit-preflight-20261003/summary.json,9273,e521ea839dd317cfd1ae2b23b6404d140ac3dae2eaa7b4e1b9832fc997bc5315
diagnostics,logs/diagnostics/worker-sampling-profile-audit-20261003,logs/diagnostics/worker-sampling-profile-audit-20261003/parent-functions.json,12865408,5932d87c4baf1a4d9a3446131b0f14c1219b9deaaeeda6d6c32b2feea7089055
diagnostics,logs/diagnostics/worker-sampling-profile-audit-20261003,logs/diagnostics/worker-sampling-profile-audit-20261003/summary.json,66389,1a272d85cff4f2cf3be72db831a61bca5da12dfb94b8d0a9afcc7a77349aa57b
diagnostics,logs/diagnostics/worker-sampling-profile-audit-20261003,logs/diagnostics/worker-sampling-profile-audit-20261003/worker-functions.json,1707923,d05e7242243bb362164036474873f75c21d43a89e1cc1c567d46adfa6ea5c6b4
