kind,run,path,bytes,sha256,verification
training,logs/training/br-address-action-mix50-20261002,logs/training/br-address-action-mix50-20261002/checkpoints/ppo_131072_steps.zip,78273061,,listed_only
training,logs/training/br-address-action-mix50-20261002,logs/training/br-address-action-mix50-20261002/checkpoints/ppo_196608_steps.zip,78273461,,listed_only
training,logs/training/br-address-action-mix50-20261002,logs/training/br-address-action-mix50-20261002/checkpoints/ppo_262144_steps.zip,78273941,,listed_only
training,logs/training/br-address-action-mix50-20261002,logs/training/br-address-action-mix50-20261002/checkpoints/ppo_65536_steps.zip,78272635,,listed_only
training,logs/training/br-address-action-mix50-20261002,logs/training/br-address-action-mix50-20261002/checkpoints/updated_131072_steps.zip,78273055,,listed_only
training,logs/training/br-address-action-mix50-20261002,logs/training/br-address-action-mix50-20261002/checkpoints/updated_196608_steps.zip,78273456,,listed_only
training,logs/training/br-address-action-mix50-20261002,logs/training/br-address-action-mix50-20261002/checkpoints/updated_2048_steps.zip,78272385,,listed_only
training,logs/training/br-address-action-mix50-20261002,logs/training/br-address-action-mix50-20261002/checkpoints/updated_262144_steps.zip,78273935,,listed_only
training,logs/training/br-address-action-mix50-20261002,logs/training/br-address-action-mix50-20261002/checkpoints/updated_65536_steps.zip,78272630,,listed_only
training,logs/training/br-address-action-mix50-20261002,logs/training/br-address-action-mix50-20261002/final.zip,78273935,93617201f5afda2a18240ea84fef23a93dc213ded64afdf905eadf0db1fb17f8,rehashed_selected_artifact
training,logs/training/br-address-action-mix50-20261002,logs/training/br-address-action-mix50-20261002/initial.zip,22947983,9a71384e74640ab34f8a9ee19d1e8c885f054ff8d17c2e16b784088aa2233ab0,rehashed_selected_artifact
training,logs/training/br-address-balanced-budget-20261003,logs/training/br-address-balanced-budget-20261003/checkpoints/ppo_1048576_steps.zip,78275066,,listed_only
training,logs/training/br-address-balanced-budget-20261003,logs/training/br-address-balanced-budget-20261003/checkpoints/ppo_262144_steps.zip,78273760,,listed_only
training,logs/training/br-address-balanced-budget-20261003,logs/training/br-address-balanced-budget-20261003/checkpoints/ppo_524288_steps.zip,78275064,,listed_only
training,logs/training/br-address-balanced-budget-20261003,logs/training/br-address-balanced-budget-20261003/checkpoints/ppo_786432_steps.zip,78275065,,listed_only
training,logs/training/br-address-balanced-budget-20261003,logs/training/br-address-balanced-budget-20261003/checkpoints/updated_1048576_steps.zip,78275058,,listed_only
training,logs/training/br-address-balanced-budget-20261003,logs/training/br-address-balanced-budget-20261003/checkpoints/updated_2048_steps.zip,78272388,,listed_only
training,logs/training/br-address-balanced-budget-20261003,logs/training/br-address-balanced-budget-20261003/checkpoints/updated_262144_steps.zip,78273753,,listed_only
training,logs/training/br-address-balanced-budget-20261003,logs/training/br-address-balanced-budget-20261003/checkpoints/updated_524288_steps.zip,78275056,,listed_only
training,logs/training/br-address-balanced-budget-20261003,logs/training/br-address-balanced-budget-20261003/checkpoints/updated_786432_steps.zip,78275058,,listed_only
training,logs/training/br-address-balanced-budget-20261003,logs/training/br-address-balanced-budget-20261003/final.zip,78275058,ab4dbd785a2eb608db6259bb370ec7735a6a93bb73807c7b47e8ddc03eb60c3c,rehashed_selected_artifact
training,logs/training/br-address-balanced-budget-20261003,logs/training/br-address-balanced-budget-20261003/initial.zip,22947983,a3ad9bb10f4800a4384d05e73a5fbb4f1b9ff901f62d6a63630f1cb80265d337,rehashed_selected_artifact
training,logs/training/br-address-block-feedback-20261003,logs/training/br-address-block-feedback-20261003/checkpoints/ppo_1048576_steps.zip,78275066,,listed_only
training,logs/training/br-address-block-feedback-20261003,logs/training/br-address-block-feedback-20261003/checkpoints/ppo_262144_steps.zip,78273784,,listed_only
training,logs/training/br-address-block-feedback-20261003,logs/training/br-address-block-feedback-20261003/checkpoints/ppo_524288_steps.zip,78275064,,listed_only
training,logs/training/br-address-block-feedback-20261003,logs/training/br-address-block-feedback-20261003/checkpoints/ppo_786432_steps.zip,78275065,,listed_only
training,logs/training/br-address-block-feedback-20261003,logs/training/br-address-block-feedback-20261003/checkpoints/updated_1048576_steps.zip,78275058,,listed_only
training,logs/training/br-address-block-feedback-20261003,logs/training/br-address-block-feedback-20261003/checkpoints/updated_2048_steps.zip,78272388,,listed_only
training,logs/training/br-address-block-feedback-20261003,logs/training/br-address-block-feedback-20261003/checkpoints/updated_262144_steps.zip,78273777,,listed_only
training,logs/training/br-address-block-feedback-20261003,logs/training/br-address-block-feedback-20261003/checkpoints/updated_524288_steps.zip,78275056,,listed_only
training,logs/training/br-address-block-feedback-20261003,logs/training/br-address-block-feedback-20261003/checkpoints/updated_786432_steps.zip,78275058,,listed_only
training,logs/training/br-address-block-feedback-20261003,logs/training/br-address-block-feedback-20261003/final.zip,78275058,c0a1fbf5c56c76adc0efc0c81ffc6a1baba586021159b8bfa6617a71e48fa2ef,rehashed_selected_artifact
training,logs/training/br-address-block-feedback-20261003,logs/training/br-address-block-feedback-20261003/initial.zip,22947983,b8abe8f9e390937683c7acd6afe3c11c2ea8b42d427b5d1431c11f46c067b729,rehashed_selected_artifact
training,logs/training/br-address-control-continued-20261002,logs/training/br-address-control-continued-20261002/checkpoints/ppo_32768_steps.zip,59364559,,listed_only
training,logs/training/br-address-control-continued-20261002,logs/training/br-address-control-continued-20261002/checkpoints/ppo_49152_steps.zip,59364695,,listed_only
training,logs/training/br-address-control-continued-20261002,logs/training/br-address-control-continued-20261002/checkpoints/ppo_65536_steps.zip,59364799,,listed_only
training,logs/training/br-address-control-continued-20261002,logs/training/br-address-control-continued-20261002/checkpoints/updated_16896_steps.zip,59364422,,listed_only
training,logs/training/br-address-control-continued-20261002,logs/training/br-address-control-continued-20261002/checkpoints/updated_32768_steps.zip,59364553,,listed_only
training,logs/training/br-address-control-continued-20261002,logs/training/br-address-control-continued-20261002/checkpoints/updated_49152_steps.zip,59364690,,listed_only
training,logs/training/br-address-control-continued-20261002,logs/training/br-address-control-continued-20261002/checkpoints/updated_65536_steps.zip,59364793,,listed_only
training,logs/training/br-address-control-continued-20261002,logs/training/br-address-control-continued-20261002/final.zip,59364793,19525c343f54a5817c7c19d5f924235289feb5d889728c063859c5d755b9de82,rehashed_selected_artifact
training,logs/training/br-address-control-continued-20261002,logs/training/br-address-control-continued-20261002/initial.zip,53061321,c75174b8c9746b24a18c7aa1adedf72eba2b0d26d2355b344ecba42573e19276,rehashed_selected_artifact
training,logs/training/br-address-diverse-rollouts-20261002,logs/training/br-address-diverse-rollouts-20261002/checkpoints/ppo_131072_steps.zip,78273221,,listed_only
training,logs/training/br-address-diverse-rollouts-20261002,logs/training/br-address-diverse-rollouts-20261002/checkpoints/ppo_196608_steps.zip,78273541,,listed_only
training,logs/training/br-address-diverse-rollouts-20261002,logs/training/br-address-diverse-rollouts-20261002/checkpoints/ppo_262144_steps.zip,78273917,,listed_only
training,logs/training/br-address-diverse-rollouts-20261002,logs/training/br-address-diverse-rollouts-20261002/checkpoints/ppo_65536_steps.zip,78272819,,listed_only
training,logs/training/br-address-diverse-rollouts-20261002,logs/training/br-address-diverse-rollouts-20261002/checkpoints/updated_131072_steps.zip,78273215,,listed_only
training,logs/training/br-address-diverse-rollouts-20261002,logs/training/br-address-diverse-rollouts-20261002/checkpoints/updated_196608_steps.zip,78273536,,listed_only
training,logs/training/br-address-diverse-rollouts-20261002,logs/training/br-address-diverse-rollouts-20261002/checkpoints/updated_2048_steps.zip,78272385,,listed_only
training,logs/training/br-address-diverse-rollouts-20261002,logs/training/br-address-diverse-rollouts-20261002/checkpoints/updated_262144_steps.zip,78273911,,listed_only
training,logs/training/br-address-diverse-rollouts-20261002,logs/training/br-address-diverse-rollouts-20261002/checkpoints/updated_65536_steps.zip,78272814,,listed_only
training,logs/training/br-address-diverse-rollouts-20261002,logs/training/br-address-diverse-rollouts-20261002/final.zip,78273911,b54089e8c635a4377d6899259355146e7303a7b380079d72c0b381a835be020f,rehashed_selected_artifact
training,logs/training/br-address-diverse-rollouts-20261002,logs/training/br-address-diverse-rollouts-20261002/initial.zip,22947983,24dc76907eba87874bafd509bb1fd65fe645d7aacfb7045530848e1d6e522276,rehashed_selected_artifact
training,logs/training/br-address-episode-mix50-20261002,logs/training/br-address-episode-mix50-20261002/checkpoints/ppo_131072_steps.zip,78272957,,listed_only
training,logs/training/br-address-episode-mix50-20261002,logs/training/br-address-episode-mix50-20261002/checkpoints/ppo_196608_steps.zip,78273357,,listed_only
training,logs/training/br-address-episode-mix50-20261002,logs/training/br-address-episode-mix50-20261002/checkpoints/ppo_262144_steps.zip,78273677,,listed_only
training,logs/training/br-address-episode-mix50-20261002,logs/training/br-address-episode-mix50-20261002/checkpoints/ppo_65536_steps.zip,78272687,,listed_only
training,logs/training/br-address-episode-mix50-20261002,logs/training/br-address-episode-mix50-20261002/checkpoints/updated_131072_steps.zip,78272951,,listed_only
training,logs/training/br-address-episode-mix50-20261002,logs/training/br-address-episode-mix50-20261002/checkpoints/updated_196608_steps.zip,78273352,,listed_only
training,logs/training/br-address-episode-mix50-20261002,logs/training/br-address-episode-mix50-20261002/checkpoints/updated_2048_steps.zip,78272385,,listed_only
training,logs/training/br-address-episode-mix50-20261002,logs/training/br-address-episode-mix50-20261002/checkpoints/updated_262144_steps.zip,78273671,,listed_only
training,logs/training/br-address-episode-mix50-20261002,logs/training/br-address-episode-mix50-20261002/checkpoints/updated_65536_steps.zip,78272682,,listed_only
training,logs/training/br-address-episode-mix50-20261002,logs/training/br-address-episode-mix50-20261002/final.zip,78273671,8815ea8d082735150a930768815b2276ec4f2893e9a0be60825f15337bd2b3dd,rehashed_selected_artifact
training,logs/training/br-address-episode-mix50-20261002,logs/training/br-address-episode-mix50-20261002/initial.zip,22947983,71ff0687431aafd3e26942c10000c90b6f7e619bdb08433a03ba98fcb0730dba,rehashed_selected_artifact
training,logs/training/br-address-facing-ppo-20261003,logs/training/br-address-facing-ppo-20261003/checkpoints/ppo_131072_steps.zip,78270722,,listed_only
training,logs/training/br-address-facing-ppo-20261003,logs/training/br-address-facing-ppo-20261003/checkpoints/ppo_196608_steps.zip,78271094,,listed_only
training,logs/training/br-address-facing-ppo-20261003,logs/training/br-address-facing-ppo-20261003/checkpoints/ppo_262144_steps.zip,78271470,,listed_only
training,logs/training/br-address-facing-ppo-20261003,logs/training/br-address-facing-ppo-20261003/checkpoints/ppo_65536_steps.zip,78270320,,listed_only
training,logs/training/br-address-facing-ppo-20261003,logs/training/br-address-facing-ppo-20261003/checkpoints/updated_131072_steps.zip,78270716,,listed_only
training,logs/training/br-address-facing-ppo-20261003,logs/training/br-address-facing-ppo-20261003/checkpoints/updated_196608_steps.zip,78271089,,listed_only
training,logs/training/br-address-facing-ppo-20261003,logs/training/br-address-facing-ppo-20261003/checkpoints/updated_2048_steps.zip,78270018,,listed_only
training,logs/training/br-address-facing-ppo-20261003,logs/training/br-address-facing-ppo-20261003/checkpoints/updated_262144_steps.zip,78271464,,listed_only
training,logs/training/br-address-facing-ppo-20261003,logs/training/br-address-facing-ppo-20261003/checkpoints/updated_65536_steps.zip,78270315,,listed_only
training,logs/training/br-address-facing-ppo-20261003,logs/training/br-address-facing-ppo-20261003/final.zip,78271464,d9753e4b6d38822e4d80db8251ab9374931aa3bcdf8336080788059eddb139ec,rehashed_selected_artifact
training,logs/training/br-address-facing-ppo-20261003,logs/training/br-address-facing-ppo-20261003/initial.zip,22945616,599e3363439f147b441f9a037549423a0f66bb2942c7da79fbffd11cb5a3715c,rehashed_selected_artifact
training,logs/training/br-address-frozen-representation-20261003,logs/training/br-address-frozen-representation-20261003/checkpoints/ppo_32768_steps.zip,55675347,,listed_only
training,logs/training/br-address-frozen-representation-20261003,logs/training/br-address-frozen-representation-20261003/checkpoints/ppo_65536_steps.zip,55675567,,listed_only
training,logs/training/br-address-frozen-representation-20261003,logs/training/br-address-frozen-representation-20261003/checkpoints/updated_2048_steps.zip,55675345,,listed_only
training,logs/training/br-address-frozen-representation-20261003,logs/training/br-address-frozen-representation-20261003/checkpoints/updated_32768_steps.zip,55675343,,listed_only
training,logs/training/br-address-frozen-representation-20261003,logs/training/br-address-frozen-representation-20261003/checkpoints/updated_65536_steps.zip,55675563,,listed_only
training,logs/training/br-address-frozen-representation-20261003,logs/training/br-address-frozen-representation-20261003/final.zip,55675563,d00e838a1920702d954dfa5fc047caeb09950c9f08a2d738d5b6067643d5999b,rehashed_selected_artifact
training,logs/training/br-address-frozen-representation-20261003,logs/training/br-address-frozen-representation-20261003/initial.zip,22948680,f91d37b338cf42c29d368bc7fd75787557940465cc541292fcac7cd19f2c184d,rehashed_selected_artifact
training,logs/training/br-address-large-batch-20261002,logs/training/br-address-large-batch-20261002/checkpoints/ppo_16384_steps.zip,59364010,,listed_only
training,logs/training/br-address-large-batch-20261002,logs/training/br-address-large-batch-20261002/checkpoints/ppo_32768_steps.zip,59364119,,listed_only
training,logs/training/br-address-large-batch-20261002,logs/training/br-address-large-batch-20261002/checkpoints/ppo_49152_steps.zip,59364227,,listed_only
training,logs/training/br-address-large-batch-20261002,logs/training/br-address-large-batch-20261002/checkpoints/ppo_65536_steps.zip,59364387,,listed_only
training,logs/training/br-address-large-batch-20261002,logs/training/br-address-large-batch-20261002/checkpoints/updated_16384_steps.zip,59364005,,listed_only
training,logs/training/br-address-large-batch-20261002,logs/training/br-address-large-batch-20261002/checkpoints/updated_32768_steps.zip,59364113,,listed_only
training,logs/training/br-address-large-batch-20261002,logs/training/br-address-large-batch-20261002/checkpoints/updated_49152_steps.zip,59364222,,listed_only
training,logs/training/br-address-large-batch-20261002,logs/training/br-address-large-batch-20261002/checkpoints/updated_512_steps.zip,59363895,,listed_only
training,logs/training/br-address-large-batch-20261002,logs/training/br-address-large-batch-20261002/checkpoints/updated_65536_steps.zip,59364381,,listed_only
training,logs/training/br-address-large-batch-20261002,logs/training/br-address-large-batch-20261002/final.zip,59364381,cea9374de57c0a0ddc618b231aa0e491939e8ec113021105c55e265601fcae00,rehashed_selected_artifact
training,logs/training/br-address-large-batch-20261002,logs/training/br-address-large-batch-20261002/initial.zip,22947983,ddd37ac024c4621856212f11ec8d138e4e813800dd2675b243cb4dae8ea09355,rehashed_selected_artifact
training,logs/training/br-address-long-credit-budget-20261003,logs/training/br-address-long-credit-budget-20261003/checkpoints/ppo_1048576_steps.zip,78275062,,listed_only
training,logs/training/br-address-long-credit-budget-20261003,logs/training/br-address-long-credit-budget-20261003/checkpoints/ppo_262144_steps.zip,78273568,,listed_only
training,logs/training/br-address-long-credit-budget-20261003,logs/training/br-address-long-credit-budget-20261003/checkpoints/ppo_524288_steps.zip,78274848,,listed_only
training,logs/training/br-address-long-credit-budget-20261003,logs/training/br-address-long-credit-budget-20261003/checkpoints/ppo_786432_steps.zip,78275060,,listed_only
training,logs/training/br-address-long-credit-budget-20261003,logs/training/br-address-long-credit-budget-20261003/checkpoints/updated_1048576_steps.zip,78275057,,listed_only
training,logs/training/br-address-long-credit-budget-20261003,logs/training/br-address-long-credit-budget-20261003/checkpoints/updated_16384_steps.zip,78272386,,listed_only
training,logs/training/br-address-long-credit-budget-20261003,logs/training/br-address-long-credit-budget-20261003/checkpoints/updated_262144_steps.zip,78273564,,listed_only
training,logs/training/br-address-long-credit-budget-20261003,logs/training/br-address-long-credit-budget-20261003/checkpoints/updated_524288_steps.zip,78274843,,listed_only
training,logs/training/br-address-long-credit-budget-20261003,logs/training/br-address-long-credit-budget-20261003/checkpoints/updated_786432_steps.zip,78275057,,listed_only
training,logs/training/br-address-long-credit-budget-20261003,logs/training/br-address-long-credit-budget-20261003/final.zip,78275057,8365b416a763a88559c821f39aeb319a484721e03e134723665f0629d8a2f959,rehashed_selected_artifact
training,logs/training/br-address-long-credit-budget-20261003,logs/training/br-address-long-credit-budget-20261003/initial.zip,22947983,d23f80307e2598ca60aac10c2776dccee4393df446def762f351b3ef70701a86,rehashed_selected_artifact
training,logs/training/br-address-low-noise-feedback-20261003,logs/training/br-address-low-noise-feedback-20261003/checkpoints/ppo_1048576_steps.zip,78275066,,listed_only
training,logs/training/br-address-low-noise-feedback-20261003,logs/training/br-address-low-noise-feedback-20261003/checkpoints/ppo_262144_steps.zip,78273812,,listed_only
training,logs/training/br-address-low-noise-feedback-20261003,logs/training/br-address-low-noise-feedback-20261003/checkpoints/ppo_524288_steps.zip,78275064,,listed_only
training,logs/training/br-address-low-noise-feedback-20261003,logs/training/br-address-low-noise-feedback-20261003/checkpoints/ppo_786432_steps.zip,78275065,,listed_only
training,logs/training/br-address-low-noise-feedback-20261003,logs/training/br-address-low-noise-feedback-20261003/checkpoints/updated_1048576_steps.zip,78275058,,listed_only
training,logs/training/br-address-low-noise-feedback-20261003,logs/training/br-address-low-noise-feedback-20261003/checkpoints/updated_2048_steps.zip,78272388,,listed_only
training,logs/training/br-address-low-noise-feedback-20261003,logs/training/br-address-low-noise-feedback-20261003/checkpoints/updated_262144_steps.zip,78273805,,listed_only
training,logs/training/br-address-low-noise-feedback-20261003,logs/training/br-address-low-noise-feedback-20261003/checkpoints/updated_524288_steps.zip,78275056,,listed_only
training,logs/training/br-address-low-noise-feedback-20261003,logs/training/br-address-low-noise-feedback-20261003/checkpoints/updated_786432_steps.zip,78275058,,listed_only
training,logs/training/br-address-low-noise-feedback-20261003,logs/training/br-address-low-noise-feedback-20261003/final.zip,78275058,a1b06b0192b3cd8db39151550facb4c11b6c600d551486b34c6b914f7a5f90a5,rehashed_selected_artifact
training,logs/training/br-address-low-noise-feedback-20261003,logs/training/br-address-low-noise-feedback-20261003/initial.zip,22947983,e4632a9f558fa2d0569770c61c8f4e4634cf7f83ea9c2d79889f4c8876bcd56e,rehashed_selected_artifact
training,logs/training/br-address-online-teacher-20261002,logs/training/br-address-online-teacher-20261002/checkpoints/ppo_32768_steps.zip,78289440,,listed_only
training,logs/training/br-address-online-teacher-20261002,logs/training/br-address-online-teacher-20261002/checkpoints/ppo_65536_steps.zip,78291018,,listed_only
training,logs/training/br-address-online-teacher-20261002,logs/training/br-address-online-teacher-20261002/checkpoints/updated_2048_steps.zip,78289172,,listed_only
training,logs/training/br-address-online-teacher-20261002,logs/training/br-address-online-teacher-20261002/checkpoints/updated_32768_steps.zip,78289432,,listed_only
training,logs/training/br-address-online-teacher-20261002,logs/training/br-address-online-teacher-20261002/checkpoints/updated_65536_steps.zip,78290993,,listed_only
training,logs/training/br-address-online-teacher-20261002,logs/training/br-address-online-teacher-20261002/final.zip,78290993,c2e9e5fa64788489ce4a1ea664fd1855ee3569c3013fc262ccabe3cf51ddda64,rehashed_selected_artifact
training,logs/training/br-address-online-teacher-20261002,logs/training/br-address-online-teacher-20261002/initial.zip,22962694,832714944d69cf0a7d1a436aa0421401d083b860ac56eb94e730a132cceca13c,rehashed_selected_artifact
training,logs/training/br-address-online-teacher-strong-20261003,logs/training/br-address-online-teacher-strong-20261003/checkpoints/ppo_32768_steps.zip,78289445,,listed_only
training,logs/training/br-address-online-teacher-strong-20261003,logs/training/br-address-online-teacher-strong-20261003/checkpoints/ppo_65536_steps.zip,78291041,,listed_only
training,logs/training/br-address-online-teacher-strong-20261003,logs/training/br-address-online-teacher-strong-20261003/checkpoints/updated_2048_steps.zip,78289390,,listed_only
training,logs/training/br-address-online-teacher-strong-20261003,logs/training/br-address-online-teacher-strong-20261003/checkpoints/updated_32768_steps.zip,78289446,,listed_only
training,logs/training/br-address-online-teacher-strong-20261003,logs/training/br-address-online-teacher-strong-20261003/checkpoints/updated_65536_steps.zip,78291012,,listed_only
training,logs/training/br-address-online-teacher-strong-20261003,logs/training/br-address-online-teacher-strong-20261003/final.zip,78291012,40f97fe1485ce8be5a0fd57cc92155a2a9b9cb364aef7bffff2ef3dfed49eb9e,rehashed_selected_artifact
training,logs/training/br-address-online-teacher-strong-20261003,logs/training/br-address-online-teacher-strong-20261003/initial.zip,22962693,4fd6a9e912e25b4774c0aa3dea799e2ad39405168058d178ccf96fe341029c48,rehashed_selected_artifact
training,logs/training/br-address-slow-feedback-20261003,logs/training/br-address-slow-feedback-20261003/checkpoints/ppo_131072_steps.zip,78273037,,listed_only
training,logs/training/br-address-slow-feedback-20261003,logs/training/br-address-slow-feedback-20261003/checkpoints/ppo_196608_steps.zip,78273461,,listed_only
training,logs/training/br-address-slow-feedback-20261003,logs/training/br-address-slow-feedback-20261003/checkpoints/ppo_262144_steps.zip,78273781,,listed_only
training,logs/training/br-address-slow-feedback-20261003,logs/training/br-address-slow-feedback-20261003/checkpoints/ppo_65536_steps.zip,78272635,,listed_only
training,logs/training/br-address-slow-feedback-20261003,logs/training/br-address-slow-feedback-20261003/checkpoints/updated_131072_steps.zip,78273031,,listed_only
training,logs/training/br-address-slow-feedback-20261003,logs/training/br-address-slow-feedback-20261003/checkpoints/updated_196608_steps.zip,78273456,,listed_only
training,logs/training/br-address-slow-feedback-20261003,logs/training/br-address-slow-feedback-20261003/checkpoints/updated_2048_steps.zip,78272385,,listed_only
training,logs/training/br-address-slow-feedback-20261003,logs/training/br-address-slow-feedback-20261003/checkpoints/updated_262144_steps.zip,78273775,,listed_only
training,logs/training/br-address-slow-feedback-20261003,logs/training/br-address-slow-feedback-20261003/checkpoints/updated_65536_steps.zip,78272630,,listed_only
training,logs/training/br-address-slow-feedback-20261003,logs/training/br-address-slow-feedback-20261003/final.zip,78273775,1a970d9ed9b28785bd8c5fa335c5290292a3e724ae490837ae617756cf319429,rehashed_selected_artifact
training,logs/training/br-address-slow-feedback-20261003,logs/training/br-address-slow-feedback-20261003/initial.zip,22947983,cb455920b2e45c29769b5499709132b2585d3cd8b64af3340ef0380c6cc2132f,rehashed_selected_artifact
training,logs/training/br-address-slow-feedback-budget-20261003,logs/training/br-address-slow-feedback-budget-20261003/checkpoints/ppo_1048576_steps.zip,78275503,,listed_only
training,logs/training/br-address-slow-feedback-budget-20261003,logs/training/br-address-slow-feedback-budget-20261003/checkpoints/ppo_524288_steps.zip,78275509,,listed_only
training,logs/training/br-address-slow-feedback-budget-20261003,logs/training/br-address-slow-feedback-budget-20261003/checkpoints/ppo_786432_steps.zip,78275502,,listed_only
training,logs/training/br-address-slow-feedback-budget-20261003,logs/training/br-address-slow-feedback-budget-20261003/checkpoints/updated_1048576_steps.zip,78275495,,listed_only
training,logs/training/br-address-slow-feedback-budget-20261003,logs/training/br-address-slow-feedback-budget-20261003/checkpoints/updated_264192_steps.zip,78274221,,listed_only
training,logs/training/br-address-slow-feedback-budget-20261003,logs/training/br-address-slow-feedback-budget-20261003/checkpoints/updated_524288_steps.zip,78275501,,listed_only
training,logs/training/br-address-slow-feedback-budget-20261003,logs/training/br-address-slow-feedback-budget-20261003/checkpoints/updated_786432_steps.zip,78275495,,listed_only
training,logs/training/br-address-slow-feedback-budget-20261003,logs/training/br-address-slow-feedback-budget-20261003/final.zip,78275495,c059a2c872db0018b38c158500986cca7957b8784d58015e58660e19efb6d18d,rehashed_selected_artifact
training,logs/training/br-address-slow-feedback-budget-20261003,logs/training/br-address-slow-feedback-budget-20261003/initial.zip,53062636,03925410158f981898b04e5c8a116c06c1078e09caef72009304f7ec8f1dd693,rehashed_selected_artifact
training,logs/training/br-address-slow-feedback-second-budget-20261003,logs/training/br-address-slow-feedback-second-budget-20261003/checkpoints/ppo_1310720_steps.zip,78275513,,listed_only
training,logs/training/br-address-slow-feedback-second-budget-20261003,logs/training/br-address-slow-feedback-second-budget-20261003/checkpoints/ppo_1572864_steps.zip,78275505,,listed_only
training,logs/training/br-address-slow-feedback-second-budget-20261003,logs/training/br-address-slow-feedback-second-budget-20261003/checkpoints/ppo_1835008_steps.zip,78275505,,listed_only
training,logs/training/br-address-slow-feedback-second-budget-20261003,logs/training/br-address-slow-feedback-second-budget-20261003/checkpoints/ppo_2097152_steps.zip,78275505,,listed_only
training,logs/training/br-address-slow-feedback-second-budget-20261003,logs/training/br-address-slow-feedback-second-budget-20261003/checkpoints/updated_1050624_steps.zip,78275505,,listed_only
training,logs/training/br-address-slow-feedback-second-budget-20261003,logs/training/br-address-slow-feedback-second-budget-20261003/checkpoints/updated_1310720_steps.zip,78275506,,listed_only
training,logs/training/br-address-slow-feedback-second-budget-20261003,logs/training/br-address-slow-feedback-second-budget-20261003/checkpoints/updated_1572864_steps.zip,78275497,,listed_only
training,logs/training/br-address-slow-feedback-second-budget-20261003,logs/training/br-address-slow-feedback-second-budget-20261003/checkpoints/updated_1835008_steps.zip,78275498,,listed_only
training,logs/training/br-address-slow-feedback-second-budget-20261003,logs/training/br-address-slow-feedback-second-budget-20261003/checkpoints/updated_2097152_steps.zip,78275496,,listed_only
training,logs/training/br-address-slow-feedback-second-budget-20261003,logs/training/br-address-slow-feedback-second-budget-20261003/final.zip,78275496,e8c17d16b1a47d9a4cf8f8a6e5c289d0fd99359748cef55adc80b40c6b5f57dd,rehashed_selected_artifact
training,logs/training/br-address-slow-feedback-second-budget-20261003,logs/training/br-address-slow-feedback-second-budget-20261003/initial.zip,53063924,533e15ceef6a3a395d2706a7e639361c0b706b7921507f5b1eb4dc25a985932b,rehashed_selected_artifact
training,logs/training/br-address-teacher-control-20261002,logs/training/br-address-teacher-control-20261002/checkpoints/ppo_32768_steps.zip,78272444,,listed_only
training,logs/training/br-address-teacher-control-20261002,logs/training/br-address-teacher-control-20261002/checkpoints/ppo_65536_steps.zip,78272604,,listed_only
training,logs/training/br-address-teacher-control-20261002,logs/training/br-address-teacher-control-20261002/checkpoints/updated_2048_steps.zip,78272382,,listed_only
training,logs/training/br-address-teacher-control-20261002,logs/training/br-address-teacher-control-20261002/checkpoints/updated_32768_steps.zip,78272440,,listed_only
training,logs/training/br-address-teacher-control-20261002,logs/training/br-address-teacher-control-20261002/checkpoints/updated_65536_steps.zip,78272600,,listed_only
training,logs/training/br-address-teacher-control-20261002,logs/training/br-address-teacher-control-20261002/final.zip,78272600,5a3077fd9ebca432ef5bcf9989693ba29a35538c3a369987299296dca67fff1a,rehashed_selected_artifact
training,logs/training/br-address-teacher-control-20261002,logs/training/br-address-teacher-control-20261002/initial.zip,22947983,371fc751c1daa701e25b8f992f4e03a5369419f8bdb264ee5b71cf2c6649b0b9,rehashed_selected_artifact
training,logs/training/br-address-teacher-replay-20261003,logs/training/br-address-teacher-replay-20261003/checkpoints/ppo_32768_steps.zip,78295012,,listed_only
training,logs/training/br-address-teacher-replay-20261003,logs/training/br-address-teacher-replay-20261003/checkpoints/ppo_65536_steps.zip,78296414,,listed_only
training,logs/training/br-address-teacher-replay-20261003,logs/training/br-address-teacher-replay-20261003/checkpoints/updated_2048_steps.zip,78294786,,listed_only
training,logs/training/br-address-teacher-replay-20261003,logs/training/br-address-teacher-replay-20261003/checkpoints/updated_32768_steps.zip,78295012,,listed_only
training,logs/training/br-address-teacher-replay-20261003,logs/training/br-address-teacher-replay-20261003/checkpoints/updated_65536_steps.zip,78296442,,listed_only
training,logs/training/br-address-teacher-replay-20261003,logs/training/br-address-teacher-replay-20261003/final.zip,78296442,e0e353e936017a85f7694aa873cab95b9bada5a41006eec273048e55e828c6a3,rehashed_selected_artifact
training,logs/training/br-address-teacher-replay-20261003,logs/training/br-address-teacher-replay-20261003/initial.zip,22967499,1f541b7c618045a8cdc4908c1ca812b5bb2d1b2ce4e655e88ad5d53423bd9564,rehashed_selected_artifact
training,logs/training/br-address-warmup-control-20261002,logs/training/br-address-warmup-control-20261002/checkpoints/ppo_16384_steps.zip,59363986,,listed_only
training,logs/training/br-address-warmup-control-20261002,logs/training/br-address-warmup-control-20261002/checkpoints/ppo_32768_steps.zip,59364147,,listed_only
training,logs/training/br-address-warmup-control-20261002,logs/training/br-address-warmup-control-20261002/checkpoints/ppo_49152_steps.zip,59364331,,listed_only
training,logs/training/br-address-warmup-control-20261002,logs/training/br-address-warmup-control-20261002/checkpoints/ppo_65536_steps.zip,59364491,,listed_only
training,logs/training/br-address-warmup-control-20261002,logs/training/br-address-warmup-control-20261002/checkpoints/updated_16384_steps.zip,59363981,,listed_only
training,logs/training/br-address-warmup-control-20261002,logs/training/br-address-warmup-control-20261002/checkpoints/updated_32768_steps.zip,59364141,,listed_only
training,logs/training/br-address-warmup-control-20261002,logs/training/br-address-warmup-control-20261002/checkpoints/updated_49152_steps.zip,59364326,,listed_only
training,logs/training/br-address-warmup-control-20261002,logs/training/br-address-warmup-control-20261002/checkpoints/updated_512_steps.zip,59363895,,listed_only
training,logs/training/br-address-warmup-control-20261002,logs/training/br-address-warmup-control-20261002/checkpoints/updated_65536_steps.zip,59364485,,listed_only
training,logs/training/br-address-warmup-control-20261002,logs/training/br-address-warmup-control-20261002/final.zip,59364485,49add03d829b47b938469135bf8301a89b8e1c057ea26788b2397a13142dd651,rehashed_selected_artifact
training,logs/training/br-address-warmup-control-20261002,logs/training/br-address-warmup-control-20261002/initial.zip,22947983,cecb256257a1111f1464f5185d8330222982176a2023bd56e25670d1a27d9d7a,rehashed_selected_artifact
training,logs/training/br-address-warmup-early-20261002,logs/training/br-address-warmup-early-20261002/checkpoints/ppo_16384_steps.zip,59363986,,listed_only
training,logs/training/br-address-warmup-early-20261002,logs/training/br-address-warmup-early-20261002/checkpoints/ppo_32768_steps.zip,59364147,,listed_only
training,logs/training/br-address-warmup-early-20261002,logs/training/br-address-warmup-early-20261002/checkpoints/ppo_49152_steps.zip,59364227,,listed_only
training,logs/training/br-address-warmup-early-20261002,logs/training/br-address-warmup-early-20261002/checkpoints/ppo_65536_steps.zip,59364307,,listed_only
training,logs/training/br-address-warmup-early-20261002,logs/training/br-address-warmup-early-20261002/checkpoints/updated_16384_steps.zip,59363981,,listed_only
training,logs/training/br-address-warmup-early-20261002,logs/training/br-address-warmup-early-20261002/checkpoints/updated_32768_steps.zip,59364141,,listed_only
training,logs/training/br-address-warmup-early-20261002,logs/training/br-address-warmup-early-20261002/checkpoints/updated_49152_steps.zip,59364222,,listed_only
training,logs/training/br-address-warmup-early-20261002,logs/training/br-address-warmup-early-20261002/checkpoints/updated_512_steps.zip,59363895,,listed_only
training,logs/training/br-address-warmup-early-20261002,logs/training/br-address-warmup-early-20261002/checkpoints/updated_65536_steps.zip,59364301,,listed_only
training,logs/training/br-address-warmup-early-20261002,logs/training/br-address-warmup-early-20261002/final.zip,59364301,e7c78ad542ee78291256494b4bfb083f1a0dd0685e0794c59b59c0bcaeb90c39,rehashed_selected_artifact
training,logs/training/br-address-warmup-early-20261002,logs/training/br-address-warmup-early-20261002/initial.zip,22947983,4ce65399f682358fede1d3c5377674370af821b1ab5355466a2408366d281209,rehashed_selected_artifact
training,logs/training/br-address-wide-credit-20261003,logs/training/br-address-wide-credit-20261003/checkpoints/ppo_131072_steps.zip,78272894,,listed_only
training,logs/training/br-address-wide-credit-20261003,logs/training/br-address-wide-credit-20261003/checkpoints/ppo_196608_steps.zip,78273269,,listed_only
training,logs/training/br-address-wide-credit-20261003,logs/training/br-address-wide-credit-20261003/checkpoints/ppo_262144_steps.zip,78273590,,listed_only
training,logs/training/br-address-wide-credit-20261003,logs/training/br-address-wide-credit-20261003/checkpoints/ppo_65536_steps.zip,48160332,,listed_only
training,logs/training/br-address-wide-credit-20261003,logs/training/br-address-wide-credit-20261003/checkpoints/updated_131072_steps.zip,78272893,,listed_only
training,logs/training/br-address-wide-credit-20261003,logs/training/br-address-wide-credit-20261003/checkpoints/updated_196608_steps.zip,78273270,,listed_only
training,logs/training/br-address-wide-credit-20261003,logs/training/br-address-wide-credit-20261003/checkpoints/updated_262144_steps.zip,78273589,,listed_only
training,logs/training/br-address-wide-credit-20261003,logs/training/br-address-wide-credit-20261003/checkpoints/updated_65536_steps.zip,78272601,,listed_only
training,logs/training/br-address-wide-credit-20261003,logs/training/br-address-wide-credit-20261003/final.zip,78273589,5eade44dbedde4af57c748c4a9896c3fbc3b71472ac1c0b5b53a6ae8dfbda68b,rehashed_selected_artifact
training,logs/training/br-address-wide-credit-20261003,logs/training/br-address-wide-credit-20261003/initial.zip,22947983,fb540849214951f5fdfa9439189046d3c9bb94050c677fe9c0f3122d5a6fb864,rehashed_selected_artifact
training,logs/training/br-recurrent-factorized-address-ppo-20261002,logs/training/br-recurrent-factorized-address-ppo-20261002/checkpoints/ppo_131072_steps.zip,76539898,,listed_only
training,logs/training/br-recurrent-factorized-address-ppo-20261002,logs/training/br-recurrent-factorized-address-ppo-20261002/checkpoints/ppo_196608_steps.zip,76540166,,listed_only
training,logs/training/br-recurrent-factorized-address-ppo-20261002,logs/training/br-recurrent-factorized-address-ppo-20261002/checkpoints/ppo_262144_steps.zip,76540486,,listed_only
training,logs/training/br-recurrent-factorized-address-ppo-20261002,logs/training/br-recurrent-factorized-address-ppo-20261002/checkpoints/ppo_65536_steps.zip,76539416,,listed_only
training,logs/training/br-recurrent-factorized-address-ppo-20261002,logs/training/br-recurrent-factorized-address-ppo-20261002/checkpoints/updated_131072_steps.zip,76539892,,listed_only
training,logs/training/br-recurrent-factorized-address-ppo-20261002,logs/training/br-recurrent-factorized-address-ppo-20261002/checkpoints/updated_196608_steps.zip,76540161,,listed_only
training,logs/training/br-recurrent-factorized-address-ppo-20261002,logs/training/br-recurrent-factorized-address-ppo-20261002/checkpoints/updated_2048_steps.zip,76539062,,listed_only
training,logs/training/br-recurrent-factorized-address-ppo-20261002,logs/training/br-recurrent-factorized-address-ppo-20261002/checkpoints/updated_262144_steps.zip,76540480,,listed_only
training,logs/training/br-recurrent-factorized-address-ppo-20261002,logs/training/br-recurrent-factorized-address-ppo-20261002/checkpoints/updated_65536_steps.zip,76539411,,listed_only
training,logs/training/br-recurrent-factorized-address-ppo-20261002,logs/training/br-recurrent-factorized-address-ppo-20261002/final.zip,76540480,1381c104e57d52ba06c9e92aab0310c4c61a21f0628c7e2cc4d4f2642587df46,rehashed_selected_artifact
training,logs/training/br-recurrent-factorized-address-ppo-20261002,logs/training/br-recurrent-factorized-address-ppo-20261002/initial.zip,22368196,73745bb0a3a1c039dc39f824833bc389870ba3516ef77481ea2d4470943e9802,rehashed_selected_artifact
training,logs/training/br-reimu-address-rehearsal-noise10-adaptive-20261002,logs/training/br-reimu-address-rehearsal-noise10-adaptive-20261002/checkpoints/ppo_131072_steps.zip,65672598,,listed_only
training,logs/training/br-reimu-address-rehearsal-noise10-adaptive-20261002,logs/training/br-reimu-address-rehearsal-noise10-adaptive-20261002/checkpoints/ppo_196608_steps.zip,65673006,,listed_only
training,logs/training/br-reimu-address-rehearsal-noise10-adaptive-20261002,logs/training/br-reimu-address-rehearsal-noise10-adaptive-20261002/checkpoints/ppo_262144_steps.zip,65673325,,listed_only
training,logs/training/br-reimu-address-rehearsal-noise10-adaptive-20261002,logs/training/br-reimu-address-rehearsal-noise10-adaptive-20261002/checkpoints/ppo_65536_steps.zip,65672190,,listed_only
training,logs/training/br-reimu-address-rehearsal-noise10-adaptive-20261002,logs/training/br-reimu-address-rehearsal-noise10-adaptive-20261002/checkpoints/updated_1024_steps.zip,65671906,,listed_only
training,logs/training/br-reimu-address-rehearsal-noise10-adaptive-20261002,logs/training/br-reimu-address-rehearsal-noise10-adaptive-20261002/checkpoints/updated_131072_steps.zip,65672591,,listed_only
training,logs/training/br-reimu-address-rehearsal-noise10-adaptive-20261002,logs/training/br-reimu-address-rehearsal-noise10-adaptive-20261002/checkpoints/updated_196608_steps.zip,65672991,,listed_only
training,logs/training/br-reimu-address-rehearsal-noise10-adaptive-20261002,logs/training/br-reimu-address-rehearsal-noise10-adaptive-20261002/checkpoints/updated_262144_steps.zip,65673309,,listed_only
training,logs/training/br-reimu-address-rehearsal-noise10-adaptive-20261002,logs/training/br-reimu-address-rehearsal-noise10-adaptive-20261002/checkpoints/updated_65536_steps.zip,65672184,,listed_only
training,logs/training/br-reimu-address-rehearsal-noise10-adaptive-20261002,logs/training/br-reimu-address-rehearsal-noise10-adaptive-20261002/final.zip,65673309,142e533af0af61754c4302f38e06c7646fd8196e7562d676a076d8ce7abefe25,rehashed_selected_artifact
training,logs/training/br-reimu-address-rehearsal-noise90-adaptive-20261002,logs/training/br-reimu-address-rehearsal-noise90-adaptive-20261002/checkpoints/ppo_131072_steps.zip,65672492,,listed_only
training,logs/training/br-reimu-address-rehearsal-noise90-adaptive-20261002,logs/training/br-reimu-address-rehearsal-noise90-adaptive-20261002/checkpoints/ppo_196608_steps.zip,65672846,,listed_only
training,logs/training/br-reimu-address-rehearsal-noise90-adaptive-20261002,logs/training/br-reimu-address-rehearsal-noise90-adaptive-20261002/checkpoints/ppo_262144_steps.zip,65673164,,listed_only
training,logs/training/br-reimu-address-rehearsal-noise90-adaptive-20261002,logs/training/br-reimu-address-rehearsal-noise90-adaptive-20261002/checkpoints/ppo_65536_steps.zip,65672163,,listed_only
training,logs/training/br-reimu-address-rehearsal-noise90-adaptive-20261002,logs/training/br-reimu-address-rehearsal-noise90-adaptive-20261002/checkpoints/updated_1024_steps.zip,65671909,,listed_only
training,logs/training/br-reimu-address-rehearsal-noise90-adaptive-20261002,logs/training/br-reimu-address-rehearsal-noise90-adaptive-20261002/checkpoints/updated_131072_steps.zip,65672486,,listed_only
training,logs/training/br-reimu-address-rehearsal-noise90-adaptive-20261002,logs/training/br-reimu-address-rehearsal-noise90-adaptive-20261002/checkpoints/updated_196608_steps.zip,65672831,,listed_only
training,logs/training/br-reimu-address-rehearsal-noise90-adaptive-20261002,logs/training/br-reimu-address-rehearsal-noise90-adaptive-20261002/checkpoints/updated_262144_steps.zip,65673151,,listed_only
training,logs/training/br-reimu-address-rehearsal-noise90-adaptive-20261002,logs/training/br-reimu-address-rehearsal-noise90-adaptive-20261002/checkpoints/updated_65536_steps.zip,65672163,,listed_only
training,logs/training/br-reimu-address-rehearsal-noise90-adaptive-20261002,logs/training/br-reimu-address-rehearsal-noise90-adaptive-20261002/final.zip,65673151,7bf858b9ecf81886083c721cf0359dc63666fc961aa4123207440dd4d5cdbd3c,rehashed_selected_artifact
training,logs/training/br-reimu-numeric-rehearsal-episode-mix50-adaptive-20261001,logs/training/br-reimu-numeric-rehearsal-episode-mix50-adaptive-20261001/checkpoints/ppo_131072_steps.zip,65672787,,listed_only
training,logs/training/br-reimu-numeric-rehearsal-episode-mix50-adaptive-20261001,logs/training/br-reimu-numeric-rehearsal-episode-mix50-adaptive-20261001/checkpoints/ppo_196608_steps.zip,65673248,,listed_only
training,logs/training/br-reimu-numeric-rehearsal-episode-mix50-adaptive-20261001,logs/training/br-reimu-numeric-rehearsal-episode-mix50-adaptive-20261001/checkpoints/ppo_262144_steps.zip,65673619,,listed_only
training,logs/training/br-reimu-numeric-rehearsal-episode-mix50-adaptive-20261001,logs/training/br-reimu-numeric-rehearsal-episode-mix50-adaptive-20261001/checkpoints/ppo_65536_steps.zip,65672324,,listed_only
training,logs/training/br-reimu-numeric-rehearsal-episode-mix50-adaptive-20261001,logs/training/br-reimu-numeric-rehearsal-episode-mix50-adaptive-20261001/checkpoints/updated_1024_steps.zip,65671882,,listed_only
training,logs/training/br-reimu-numeric-rehearsal-episode-mix50-adaptive-20261001,logs/training/br-reimu-numeric-rehearsal-episode-mix50-adaptive-20261001/checkpoints/updated_131072_steps.zip,65672780,,listed_only
training,logs/training/br-reimu-numeric-rehearsal-episode-mix50-adaptive-20261001,logs/training/br-reimu-numeric-rehearsal-episode-mix50-adaptive-20261001/checkpoints/updated_196608_steps.zip,65673231,,listed_only
training,logs/training/br-reimu-numeric-rehearsal-episode-mix50-adaptive-20261001,logs/training/br-reimu-numeric-rehearsal-episode-mix50-adaptive-20261001/checkpoints/updated_262144_steps.zip,65673604,,listed_only
training,logs/training/br-reimu-numeric-rehearsal-episode-mix50-adaptive-20261001,logs/training/br-reimu-numeric-rehearsal-episode-mix50-adaptive-20261001/checkpoints/updated_65536_steps.zip,65672320,,listed_only
training,logs/training/br-reimu-numeric-rehearsal-episode-mix50-adaptive-20261001,logs/training/br-reimu-numeric-rehearsal-episode-mix50-adaptive-20261001/final.zip,65673604,5f07c8e858e2f0840c0b14c036ffaaff596c91ffc5185ddd929c3e267a7cb789,rehashed_selected_artifact
training,logs/training/br-reimu-numeric-rehearsal-frequent-feedback-20261002,logs/training/br-reimu-numeric-rehearsal-frequent-feedback-20261002/checkpoints/ppo_131072_steps.zip,65672467,,listed_only
training,logs/training/br-reimu-numeric-rehearsal-frequent-feedback-20261002,logs/training/br-reimu-numeric-rehearsal-frequent-feedback-20261002/checkpoints/ppo_196608_steps.zip,65672820,,listed_only
training,logs/training/br-reimu-numeric-rehearsal-frequent-feedback-20261002,logs/training/br-reimu-numeric-rehearsal-frequent-feedback-20261002/checkpoints/ppo_262144_steps.zip,65673275,,listed_only
training,logs/training/br-reimu-numeric-rehearsal-frequent-feedback-20261002,logs/training/br-reimu-numeric-rehearsal-frequent-feedback-20261002/checkpoints/ppo_65536_steps.zip,65672165,,listed_only
training,logs/training/br-reimu-numeric-rehearsal-frequent-feedback-20261002,logs/training/br-reimu-numeric-rehearsal-frequent-feedback-20261002/checkpoints/updated_1024_steps.zip,65671883,,listed_only
training,logs/training/br-reimu-numeric-rehearsal-frequent-feedback-20261002,logs/training/br-reimu-numeric-rehearsal-frequent-feedback-20261002/checkpoints/updated_131072_steps.zip,65672461,,listed_only
training,logs/training/br-reimu-numeric-rehearsal-frequent-feedback-20261002,logs/training/br-reimu-numeric-rehearsal-frequent-feedback-20261002/checkpoints/updated_196608_steps.zip,65672801,,listed_only
training,logs/training/br-reimu-numeric-rehearsal-frequent-feedback-20261002,logs/training/br-reimu-numeric-rehearsal-frequent-feedback-20261002/checkpoints/updated_262144_steps.zip,65673259,,listed_only
training,logs/training/br-reimu-numeric-rehearsal-frequent-feedback-20261002,logs/training/br-reimu-numeric-rehearsal-frequent-feedback-20261002/checkpoints/updated_65536_steps.zip,65672160,,listed_only
training,logs/training/br-reimu-numeric-rehearsal-frequent-feedback-20261002,logs/training/br-reimu-numeric-rehearsal-frequent-feedback-20261002/final.zip,65673259,e2e215b27000b94ea7af5f98680efdb5fec276d2d9bfa8a08daa9768f56f994f,rehashed_selected_artifact
training,logs/training/br-reimu-numeric-rehearsal-gae95-adaptive-20261001,logs/training/br-reimu-numeric-rehearsal-gae95-adaptive-20261001/checkpoints/ppo_131072_steps.zip,65672548,,listed_only
training,logs/training/br-reimu-numeric-rehearsal-gae95-adaptive-20261001,logs/training/br-reimu-numeric-rehearsal-gae95-adaptive-20261001/checkpoints/ppo_196608_steps.zip,65672848,,listed_only
training,logs/training/br-reimu-numeric-rehearsal-gae95-adaptive-20261001,logs/training/br-reimu-numeric-rehearsal-gae95-adaptive-20261001/checkpoints/ppo_262144_steps.zip,65673218,,listed_only
training,logs/training/br-reimu-numeric-rehearsal-gae95-adaptive-20261001,logs/training/br-reimu-numeric-rehearsal-gae95-adaptive-20261001/checkpoints/ppo_65536_steps.zip,65672191,,listed_only
training,logs/training/br-reimu-numeric-rehearsal-gae95-adaptive-20261001,logs/training/br-reimu-numeric-rehearsal-gae95-adaptive-20261001/checkpoints/updated_1024_steps.zip,65671883,,listed_only
training,logs/training/br-reimu-numeric-rehearsal-gae95-adaptive-20261001,logs/training/br-reimu-numeric-rehearsal-gae95-adaptive-20261001/checkpoints/updated_131072_steps.zip,65672541,,listed_only
training,logs/training/br-reimu-numeric-rehearsal-gae95-adaptive-20261001,logs/training/br-reimu-numeric-rehearsal-gae95-adaptive-20261001/checkpoints/updated_196608_steps.zip,65672830,,listed_only
training,logs/training/br-reimu-numeric-rehearsal-gae95-adaptive-20261001,logs/training/br-reimu-numeric-rehearsal-gae95-adaptive-20261001/checkpoints/updated_262144_steps.zip,65673205,,listed_only
training,logs/training/br-reimu-numeric-rehearsal-gae95-adaptive-20261001,logs/training/br-reimu-numeric-rehearsal-gae95-adaptive-20261001/checkpoints/updated_65536_steps.zip,65672189,,listed_only
training,logs/training/br-reimu-numeric-rehearsal-gae95-adaptive-20261001,logs/training/br-reimu-numeric-rehearsal-gae95-adaptive-20261001/final.zip,65673205,0b80e61676143182351a1a88b6bc9070508b68b2e46001b1e677e046e5a8a67d,rehashed_selected_artifact
training,logs/training/br-reimu-numeric-rehearsal-gae995-adaptive-20261001,logs/training/br-reimu-numeric-rehearsal-gae995-adaptive-20261001/checkpoints/ppo_131072_steps.zip,65672569,,listed_only
training,logs/training/br-reimu-numeric-rehearsal-gae995-adaptive-20261001,logs/training/br-reimu-numeric-rehearsal-gae995-adaptive-20261001/checkpoints/ppo_196608_steps.zip,65672901,,listed_only
training,logs/training/br-reimu-numeric-rehearsal-gae995-adaptive-20261001,logs/training/br-reimu-numeric-rehearsal-gae995-adaptive-20261001/checkpoints/ppo_262144_steps.zip,65673276,,listed_only
training,logs/training/br-reimu-numeric-rehearsal-gae995-adaptive-20261001,logs/training/br-reimu-numeric-rehearsal-gae995-adaptive-20261001/checkpoints/ppo_65536_steps.zip,65672164,,listed_only
training,logs/training/br-reimu-numeric-rehearsal-gae995-adaptive-20261001,logs/training/br-reimu-numeric-rehearsal-gae995-adaptive-20261001/checkpoints/updated_1024_steps.zip,65671885,,listed_only
training,logs/training/br-reimu-numeric-rehearsal-gae995-adaptive-20261001,logs/training/br-reimu-numeric-rehearsal-gae995-adaptive-20261001/checkpoints/updated_131072_steps.zip,65672566,,listed_only
training,logs/training/br-reimu-numeric-rehearsal-gae995-adaptive-20261001,logs/training/br-reimu-numeric-rehearsal-gae995-adaptive-20261001/checkpoints/updated_196608_steps.zip,65672886,,listed_only
training,logs/training/br-reimu-numeric-rehearsal-gae995-adaptive-20261001,logs/training/br-reimu-numeric-rehearsal-gae995-adaptive-20261001/checkpoints/updated_262144_steps.zip,65673261,,listed_only
training,logs/training/br-reimu-numeric-rehearsal-gae995-adaptive-20261001,logs/training/br-reimu-numeric-rehearsal-gae995-adaptive-20261001/checkpoints/updated_65536_steps.zip,65672160,,listed_only
training,logs/training/br-reimu-numeric-rehearsal-gae995-adaptive-20261001,logs/training/br-reimu-numeric-rehearsal-gae995-adaptive-20261001/final.zip,65673261,f1d39764fa6bb87debb0f74cdfa2f4eca2ce73b45fdfd94c2d548f30da67a8a9,rehashed_selected_artifact
training,logs/training/br-superhuman-god-all-20261001-v2,logs/training/br-superhuman-god-all-20261001-v2/checkpoints/ppo_131072_steps.zip,65075127,,listed_only
training,logs/training/br-superhuman-god-all-20261001-v2,logs/training/br-superhuman-god-all-20261001-v2/checkpoints/ppo_196608_steps.zip,65075420,,listed_only
training,logs/training/br-superhuman-god-all-20261001-v2,logs/training/br-superhuman-god-all-20261001-v2/checkpoints/ppo_65536_steps.zip,65074726,,listed_only
training,logs/training/br-superhuman-god-all-20261001-v2,logs/training/br-superhuman-god-all-20261001-v2/checkpoints/updated_147456_steps.zip,65075207,,listed_only
training,logs/training/br-superhuman-god-all-20261001-v2,logs/training/br-superhuman-god-all-20261001-v2/checkpoints/updated_16384_steps.zip,65074398,,listed_only
training,logs/training/br-superhuman-god-all-20261001-v2,logs/training/br-superhuman-god-all-20261001-v2/checkpoints/updated_212992_steps.zip,65075528,,listed_only
training,logs/training/br-superhuman-god-all-20261001-v2,logs/training/br-superhuman-god-all-20261001-v2/checkpoints/updated_81920_steps.zip,65074806,,listed_only
training,logs/training/br-superhuman-god-reimu-default-20261001,logs/training/br-superhuman-god-reimu-default-20261001/checkpoints/ppo_131072_steps.zip,65075287,,listed_only
training,logs/training/br-superhuman-god-reimu-default-20261001,logs/training/br-superhuman-god-reimu-default-20261001/checkpoints/ppo_196608_steps.zip,65075712,,listed_only
training,logs/training/br-superhuman-god-reimu-default-20261001,logs/training/br-superhuman-god-reimu-default-20261001/checkpoints/ppo_65536_steps.zip,65074778,,listed_only
training,logs/training/br-superhuman-god-reimu-default-20261001,logs/training/br-superhuman-god-reimu-default-20261001/checkpoints/updated_147456_steps.zip,65075367,,listed_only
training,logs/training/br-superhuman-god-reimu-default-20261001,logs/training/br-superhuman-god-reimu-default-20261001/checkpoints/updated_16384_steps.zip,65074398,,listed_only
training,logs/training/br-superhuman-god-reimu-default-20261001,logs/training/br-superhuman-god-reimu-default-20261001/checkpoints/updated_81920_steps.zip,65074938,,listed_only
training,logs/training/br-superhuman-god-reimu-long-credit-20261001,logs/training/br-superhuman-god-reimu-long-credit-20261001/checkpoints/ppo_131072_steps.zip,65075260,,listed_only
training,logs/training/br-superhuman-god-reimu-long-credit-20261001,logs/training/br-superhuman-god-reimu-long-credit-20261001/checkpoints/ppo_196608_steps.zip,65075741,,listed_only
training,logs/training/br-superhuman-god-reimu-long-credit-20261001,logs/training/br-superhuman-god-reimu-long-credit-20261001/checkpoints/ppo_65536_steps.zip,65074779,,listed_only
training,logs/training/br-superhuman-god-reimu-long-credit-20261001,logs/training/br-superhuman-god-reimu-long-credit-20261001/checkpoints/updated_147456_steps.zip,65075368,,listed_only
training,logs/training/br-superhuman-god-reimu-long-credit-20261001,logs/training/br-superhuman-god-reimu-long-credit-20261001/checkpoints/updated_16384_steps.zip,65074399,,listed_only
training,logs/training/br-superhuman-god-reimu-long-credit-20261001,logs/training/br-superhuman-god-reimu-long-credit-20261001/checkpoints/updated_81920_steps.zip,65074911,,listed_only
training,logs/training/br-superhuman-god-reimu-numeric-20261001,logs/training/br-superhuman-god-reimu-numeric-20261001/checkpoints/ppo_65536_steps.zip,65503309,,listed_only
training,logs/training/br-superhuman-god-reimu-numeric-20261001,logs/training/br-superhuman-god-reimu-numeric-20261001/checkpoints/updated_16384_steps.zip,65502957,,listed_only
training,logs/training/br-superhuman-god-reimu-numeric-20261001,logs/training/br-superhuman-god-reimu-numeric-20261001/checkpoints/updated_81920_steps.zip,65503469,,listed_only
training,logs/training/br-superhuman-idle-to-reimu-20261001,logs/training/br-superhuman-idle-to-reimu-20261001/checkpoints/ppo_65536_steps.zip,52469174,,listed_only
training,logs/training/br-superhuman-idle-to-reimu-20261001,logs/training/br-superhuman-idle-to-reimu-20261001/checkpoints/updated_8192_steps.zip,52468793,,listed_only
training,logs/training/br-superhuman-idle-to-reimu-20261001,logs/training/br-superhuman-idle-to-reimu-20261001/final.zip,52469172,dc217a12ffc5e216ec8f35a406590a3b42df4bc9a4b16d9683e2bf36d34c2f1c,rehashed_selected_artifact
training,logs/training/br-superhuman-idle-warmup-20261001,logs/training/br-superhuman-idle-warmup-20261001/checkpoints/ppo_65536_steps.zip,52469146,,listed_only
training,logs/training/br-superhuman-idle-warmup-20261001,logs/training/br-superhuman-idle-warmup-20261001/checkpoints/updated_8192_steps.zip,52468793,,listed_only
training,logs/training/br-superhuman-idle-warmup-20261001,logs/training/br-superhuman-idle-warmup-20261001/final.zip,52469144,61f67598a1fd60cfb244500dc6dd96a8995ac1f3e16273614a594062feb6239e,rehashed_selected_artifact
training,logs/training/br-superhuman-noise90-to-reimu-20261001,logs/training/br-superhuman-noise90-to-reimu-20261001/checkpoints/ppo_65536_steps.zip,52598279,,listed_only
training,logs/training/br-superhuman-noise90-to-reimu-20261001,logs/training/br-superhuman-noise90-to-reimu-20261001/checkpoints/updated_65536_steps.zip,52598277,,listed_only
training,logs/training/br-superhuman-noise90-to-reimu-20261001,logs/training/br-superhuman-noise90-to-reimu-20261001/checkpoints/updated_8192_steps.zip,52597846,,listed_only
training,logs/training/br-superhuman-noise90-to-reimu-20261001,logs/training/br-superhuman-noise90-to-reimu-20261001/final.zip,52598277,5b9b34b3e89875c904ee7d27e2cf2f578e0d29a8864395712e4cbbe31b7deb3e,rehashed_selected_artifact
training,logs/training/br-superhuman-reimu-adaptive-20261001,logs/training/br-superhuman-reimu-adaptive-20261001/checkpoints/ppo_131072_steps.zip,52598475,,listed_only
training,logs/training/br-superhuman-reimu-adaptive-20261001,logs/training/br-superhuman-reimu-adaptive-20261001/checkpoints/ppo_196608_steps.zip,52598795,,listed_only
training,logs/training/br-superhuman-reimu-adaptive-20261001,logs/training/br-superhuman-reimu-adaptive-20261001/checkpoints/ppo_262144_steps.zip,52599143,,listed_only
training,logs/training/br-superhuman-reimu-adaptive-20261001,logs/training/br-superhuman-reimu-adaptive-20261001/checkpoints/ppo_327680_steps.zip,52599435,,listed_only
training,logs/training/br-superhuman-reimu-adaptive-20261001,logs/training/br-superhuman-reimu-adaptive-20261001/checkpoints/ppo_393216_steps.zip,52599755,,listed_only
training,logs/training/br-superhuman-reimu-adaptive-20261001,logs/training/br-superhuman-reimu-adaptive-20261001/checkpoints/ppo_458752_steps.zip,52600075,,listed_only
training,logs/training/br-superhuman-reimu-adaptive-20261001,logs/training/br-superhuman-reimu-adaptive-20261001/checkpoints/ppo_524288_steps.zip,52600423,,listed_only
training,logs/training/br-superhuman-reimu-adaptive-20261001,logs/training/br-superhuman-reimu-adaptive-20261001/checkpoints/ppo_589824_steps.zip,52600527,,listed_only
training,logs/training/br-superhuman-reimu-adaptive-20261001,logs/training/br-superhuman-reimu-adaptive-20261001/checkpoints/ppo_655360_steps.zip,52600527,,listed_only
training,logs/training/br-superhuman-reimu-adaptive-20261001,logs/training/br-superhuman-reimu-adaptive-20261001/checkpoints/ppo_65536_steps.zip,52598153,,listed_only
training,logs/training/br-superhuman-reimu-adaptive-20261001,logs/training/br-superhuman-reimu-adaptive-20261001/checkpoints/ppo_720896_steps.zip,52600527,,listed_only
training,logs/training/br-superhuman-reimu-adaptive-20261001,logs/training/br-superhuman-reimu-adaptive-20261001/checkpoints/ppo_786432_steps.zip,52600527,,listed_only
training,logs/training/br-superhuman-reimu-adaptive-20261001,logs/training/br-superhuman-reimu-adaptive-20261001/checkpoints/updated_131072_steps.zip,52598471,,listed_only
training,logs/training/br-superhuman-reimu-adaptive-20261001,logs/training/br-superhuman-reimu-adaptive-20261001/checkpoints/updated_196608_steps.zip,52598792,,listed_only
training,logs/training/br-superhuman-reimu-adaptive-20261001,logs/training/br-superhuman-reimu-adaptive-20261001/checkpoints/updated_262144_steps.zip,52599138,,listed_only
training,logs/training/br-superhuman-reimu-adaptive-20261001,logs/training/br-superhuman-reimu-adaptive-20261001/checkpoints/updated_327680_steps.zip,52599432,,listed_only
training,logs/training/br-superhuman-reimu-adaptive-20261001,logs/training/br-superhuman-reimu-adaptive-20261001/checkpoints/updated_393216_steps.zip,52599751,,listed_only
training,logs/training/br-superhuman-reimu-adaptive-20261001,logs/training/br-superhuman-reimu-adaptive-20261001/checkpoints/updated_458752_steps.zip,52600072,,listed_only
training,logs/training/br-superhuman-reimu-adaptive-20261001,logs/training/br-superhuman-reimu-adaptive-20261001/checkpoints/updated_524288_steps.zip,52600417,,listed_only
training,logs/training/br-superhuman-reimu-adaptive-20261001,logs/training/br-superhuman-reimu-adaptive-20261001/checkpoints/updated_589824_steps.zip,52600524,,listed_only
training,logs/training/br-superhuman-reimu-adaptive-20261001,logs/training/br-superhuman-reimu-adaptive-20261001/checkpoints/updated_655360_steps.zip,52600523,,listed_only
training,logs/training/br-superhuman-reimu-adaptive-20261001,logs/training/br-superhuman-reimu-adaptive-20261001/checkpoints/updated_65536_steps.zip,52598150,,listed_only
training,logs/training/br-superhuman-reimu-adaptive-20261001,logs/training/br-superhuman-reimu-adaptive-20261001/checkpoints/updated_720896_steps.zip,52600524,,listed_only
training,logs/training/br-superhuman-reimu-adaptive-20261001,logs/training/br-superhuman-reimu-adaptive-20261001/checkpoints/updated_786432_steps.zip,52600522,,listed_only
training,logs/training/br-superhuman-reimu-adaptive-20261001,logs/training/br-superhuman-reimu-adaptive-20261001/checkpoints/updated_8192_steps.zip,52597852,,listed_only
training,logs/training/br-superhuman-reimu-bc-adaptive-20261001-v2,logs/training/br-superhuman-reimu-bc-adaptive-20261001-v2/checkpoints/ppo_131072_steps.zip,52598391,,listed_only
training,logs/training/br-superhuman-reimu-bc-adaptive-20261001-v2,logs/training/br-superhuman-reimu-bc-adaptive-20261001-v2/checkpoints/ppo_65536_steps.zip,52598070,,listed_only
training,logs/training/br-superhuman-reimu-bc-adaptive-20261001-v2,logs/training/br-superhuman-reimu-bc-adaptive-20261001-v2/checkpoints/updated_131072_steps.zip,52598388,,listed_only
training,logs/training/br-superhuman-reimu-bc-adaptive-20261001-v2,logs/training/br-superhuman-reimu-bc-adaptive-20261001-v2/checkpoints/updated_65536_steps.zip,52598067,,listed_only
training,logs/training/br-superhuman-reimu-bc-adaptive-20261001-v2,logs/training/br-superhuman-reimu-bc-adaptive-20261001-v2/checkpoints/updated_8192_steps.zip,52597848,,listed_only
training,logs/training/br-superhuman-reimu-bc-adaptive-20261001-v2,logs/training/br-superhuman-reimu-bc-adaptive-20261001-v2/final.zip,52598388,7d7915457bce60ad16e0ed2ff3539d860756855c6abb3ffe8d87a543a185b59f,rehashed_selected_artifact
training,logs/training/br-superhuman-reimu-bc-adaptive-continued-20261001,logs/training/br-superhuman-reimu-bc-adaptive-continued-20261001/checkpoints/ppo_196608_steps.zip,52598973,,listed_only
training,logs/training/br-superhuman-reimu-bc-adaptive-continued-20261001,logs/training/br-superhuman-reimu-bc-adaptive-continued-20261001/checkpoints/ppo_262144_steps.zip,52599241,,listed_only
training,logs/training/br-superhuman-reimu-bc-adaptive-continued-20261001,logs/training/br-superhuman-reimu-bc-adaptive-continued-20261001/checkpoints/updated_139264_steps.zip,52598701,,listed_only
training,logs/training/br-superhuman-reimu-bc-adaptive-continued-20261001,logs/training/br-superhuman-reimu-bc-adaptive-continued-20261001/checkpoints/updated_196608_steps.zip,52598970,,listed_only
training,logs/training/br-superhuman-reimu-bc-adaptive-continued-20261001,logs/training/br-superhuman-reimu-bc-adaptive-continued-20261001/checkpoints/updated_262144_steps.zip,52599237,,listed_only
training,logs/training/br-superhuman-reimu-bc-adaptive-continued-20261001,logs/training/br-superhuman-reimu-bc-adaptive-continued-20261001/final.zip,52599237,4b62b762970a9a9d90a6e7b8edcf6e96425875122779bb8d2aa67b66eb8286d5,rehashed_selected_artifact
training,logs/training/br-superhuman-reimu-button-prior-20261001,logs/training/br-superhuman-reimu-button-prior-20261001/checkpoints/ppo_131072_steps.zip,52598659,,listed_only
training,logs/training/br-superhuman-reimu-button-prior-20261001,logs/training/br-superhuman-reimu-button-prior-20261001/checkpoints/ppo_65536_steps.zip,52598229,,listed_only
training,logs/training/br-superhuman-reimu-button-prior-20261001,logs/training/br-superhuman-reimu-button-prior-20261001/checkpoints/updated_73728_steps.zip,52598257,,listed_only
training,logs/training/br-superhuman-reimu-button-prior-20261001,logs/training/br-superhuman-reimu-button-prior-20261001/checkpoints/updated_8192_steps.zip,52597848,,listed_only
training,logs/training/br-superhuman-reimu-button-prior-20261001,logs/training/br-superhuman-reimu-button-prior-20261001/final.zip,52598656,13dbc830e6b0b1b73021a91568ddde4c1977eb2bac3c626e34bd222fd303f7fa,rehashed_selected_artifact
training,logs/training/br-superhuman-reimu-combat-context-20261001,logs/training/br-superhuman-reimu-combat-context-20261001/checkpoints/ppo_131072_steps.zip,52598711,,listed_only
training,logs/training/br-superhuman-reimu-combat-context-20261001,logs/training/br-superhuman-reimu-combat-context-20261001/checkpoints/ppo_65536_steps.zip,52598309,,listed_only
training,logs/training/br-superhuman-reimu-combat-context-20261001,logs/training/br-superhuman-reimu-combat-context-20261001/checkpoints/updated_73728_steps.zip,52598361,,listed_only
training,logs/training/br-superhuman-reimu-combat-context-20261001,logs/training/br-superhuman-reimu-combat-context-20261001/checkpoints/updated_8192_steps.zip,52597848,,listed_only
training,logs/training/br-superhuman-reimu-combat-context-20261001,logs/training/br-superhuman-reimu-combat-context-20261001/final.zip,52598708,2e6950f7c552059a533d31a7ac02cecd250827267e16a093f1d0fcf475bd7cce,rehashed_selected_artifact
training,logs/training/br-superhuman-reimu-combat-context-long-20261001,logs/training/br-superhuman-reimu-combat-context-long-20261001/checkpoints/ppo_196608_steps.zip,52599456,,listed_only
training,logs/training/br-superhuman-reimu-combat-context-long-20261001,logs/training/br-superhuman-reimu-combat-context-long-20261001/checkpoints/ppo_262144_steps.zip,52599856,,listed_only
training,logs/training/br-superhuman-reimu-combat-context-long-20261001,logs/training/br-superhuman-reimu-combat-context-long-20261001/checkpoints/ppo_327680_steps.zip,52600364,,listed_only
training,logs/training/br-superhuman-reimu-combat-context-long-20261001,logs/training/br-superhuman-reimu-combat-context-long-20261001/checkpoints/updated_139264_steps.zip,52599024,,listed_only
training,logs/training/br-superhuman-reimu-combat-context-long-20261001,logs/training/br-superhuman-reimu-combat-context-long-20261001/checkpoints/updated_196608_steps.zip,52599453,,listed_only
training,logs/training/br-superhuman-reimu-combat-context-long-20261001,logs/training/br-superhuman-reimu-combat-context-long-20261001/checkpoints/updated_262144_steps.zip,52599851,,listed_only
training,logs/training/br-superhuman-reimu-combat-context-long-20261001,logs/training/br-superhuman-reimu-combat-context-long-20261001/checkpoints/updated_327680_steps.zip,52600361,,listed_only
training,logs/training/br-superhuman-reimu-noise90-warmup-20261001,logs/training/br-superhuman-reimu-noise90-warmup-20261001/checkpoints/ppo_65536_steps.zip,52598119,,listed_only
training,logs/training/br-superhuman-reimu-noise90-warmup-20261001,logs/training/br-superhuman-reimu-noise90-warmup-20261001/checkpoints/updated_65536_steps.zip,52598117,,listed_only
training,logs/training/br-superhuman-reimu-noise90-warmup-20261001,logs/training/br-superhuman-reimu-noise90-warmup-20261001/checkpoints/updated_8192_steps.zip,52597846,,listed_only
training,logs/training/br-superhuman-reimu-noise90-warmup-20261001,logs/training/br-superhuman-reimu-noise90-warmup-20261001/final.zip,52598117,909312290bbd262189b964b8802e2efa6f72c1678b259449f0792acb442095ed,rehashed_selected_artifact
training,logs/training/br-superhuman-reimu-persistent-20261001,logs/training/br-superhuman-reimu-persistent-20261001/checkpoints/ppo_131072_steps.zip,52657372,,listed_only
training,logs/training/br-superhuman-reimu-persistent-20261001,logs/training/br-superhuman-reimu-persistent-20261001/checkpoints/ppo_65536_steps.zip,52656918,,listed_only
training,logs/training/br-superhuman-reimu-persistent-20261001,logs/training/br-superhuman-reimu-persistent-20261001/checkpoints/updated_131072_steps.zip,52657369,,listed_only
training,logs/training/br-superhuman-reimu-persistent-20261001,logs/training/br-superhuman-reimu-persistent-20261001/checkpoints/updated_65536_steps.zip,52656915,,listed_only
training,logs/training/br-superhuman-reimu-persistent-20261001,logs/training/br-superhuman-reimu-persistent-20261001/checkpoints/updated_8192_steps.zip,52656429,,listed_only
training,logs/training/br-superhuman-reimu-persistent-20261001,logs/training/br-superhuman-reimu-persistent-20261001/final.zip,52657369,4b9a90ad566d46a0e940666afec8813b48a3f50b678f64475580cac694d4254b,rehashed_selected_artifact
training,logs/training/br-superhuman-reimu-recurrent-bc-adaptive-20261001,logs/training/br-superhuman-reimu-recurrent-bc-adaptive-20261001/checkpoints/ppo_131072_steps.zip,65238688,,listed_only
training,logs/training/br-superhuman-reimu-recurrent-bc-adaptive-20261001,logs/training/br-superhuman-reimu-recurrent-bc-adaptive-20261001/checkpoints/ppo_65536_steps.zip,65238367,,listed_only
training,logs/training/br-superhuman-reimu-recurrent-bc-adaptive-20261001,logs/training/br-superhuman-reimu-recurrent-bc-adaptive-20261001/checkpoints/updated_1024_steps.zip,65238144,,listed_only
training,logs/training/br-superhuman-reimu-recurrent-bc-adaptive-20261001,logs/training/br-superhuman-reimu-recurrent-bc-adaptive-20261001/checkpoints/updated_131072_steps.zip,65238682,,listed_only
training,logs/training/br-superhuman-reimu-recurrent-bc-adaptive-20261001,logs/training/br-superhuman-reimu-recurrent-bc-adaptive-20261001/checkpoints/updated_65536_steps.zip,65238361,,listed_only
training,logs/training/br-superhuman-reimu-recurrent-bc-adaptive-20261001,logs/training/br-superhuman-reimu-recurrent-bc-adaptive-20261001/final.zip,65238682,87c0fd41c5841f7c9e8e5b8790ae4d5efc7d309dc7cabb16ce168a80f192df95,rehashed_selected_artifact
training,logs/training/br-superhuman-reimu-recurrent-rehearsal-adaptive-20261001-v2,logs/training/br-superhuman-reimu-recurrent-rehearsal-adaptive-20261001-v2/checkpoints/ppo_131072_steps.zip,65241504,,listed_only
training,logs/training/br-superhuman-reimu-recurrent-rehearsal-adaptive-20261001-v2,logs/training/br-superhuman-reimu-recurrent-rehearsal-adaptive-20261001-v2/checkpoints/ppo_65536_steps.zip,65241176,,listed_only
training,logs/training/br-superhuman-reimu-recurrent-rehearsal-adaptive-20261001-v2,logs/training/br-superhuman-reimu-recurrent-rehearsal-adaptive-20261001-v2/checkpoints/updated_1024_steps.zip,65240948,,listed_only
training,logs/training/br-superhuman-reimu-recurrent-rehearsal-adaptive-20261001-v2,logs/training/br-superhuman-reimu-recurrent-rehearsal-adaptive-20261001-v2/checkpoints/updated_131072_steps.zip,65241497,,listed_only
training,logs/training/br-superhuman-reimu-recurrent-rehearsal-adaptive-20261001-v2,logs/training/br-superhuman-reimu-recurrent-rehearsal-adaptive-20261001-v2/checkpoints/updated_65536_steps.zip,65241172,,listed_only
training,logs/training/br-superhuman-reimu-recurrent-rehearsal-adaptive-20261001-v2,logs/training/br-superhuman-reimu-recurrent-rehearsal-adaptive-20261001-v2/final.zip,65241497,fcd26f807814de6dc5cd9e3806a26c1f75c67821e195f9b811d3333cb121794b,rehashed_selected_artifact
training,logs/training/br-superhuman-reimu-recurrent-separate-adaptive-20261001,logs/training/br-superhuman-reimu-recurrent-separate-adaptive-20261001/checkpoints/ppo_131072_steps.zip,92384651,,listed_only
training,logs/training/br-superhuman-reimu-recurrent-separate-adaptive-20261001,logs/training/br-superhuman-reimu-recurrent-separate-adaptive-20261001/checkpoints/ppo_65536_steps.zip,92384386,,listed_only
training,logs/training/br-superhuman-reimu-recurrent-separate-adaptive-20261001,logs/training/br-superhuman-reimu-recurrent-separate-adaptive-20261001/checkpoints/updated_1024_steps.zip,92384135,,listed_only
training,logs/training/br-superhuman-reimu-recurrent-separate-adaptive-20261001,logs/training/br-superhuman-reimu-recurrent-separate-adaptive-20261001/checkpoints/updated_131072_steps.zip,92384645,,listed_only
training,logs/training/br-superhuman-reimu-recurrent-separate-adaptive-20261001,logs/training/br-superhuman-reimu-recurrent-separate-adaptive-20261001/checkpoints/updated_65536_steps.zip,92384380,,listed_only
training,logs/training/br-superhuman-reimu-recurrent-separate-adaptive-20261001,logs/training/br-superhuman-reimu-recurrent-separate-adaptive-20261001/final.zip,92384645,2bda394474434a3ac98b4c1e548a1d09a88d3ac3973916952821064575f343b0,rehashed_selected_artifact
training,logs/training/br-superhuman-reimu-sparse-fresh-20261001-v2,logs/training/br-superhuman-reimu-sparse-fresh-20261001-v2/checkpoints/ppo_131072_steps.zip,52469710,,listed_only
training,logs/training/br-superhuman-reimu-sparse-fresh-20261001-v2,logs/training/br-superhuman-reimu-sparse-fresh-20261001-v2/checkpoints/ppo_65536_steps.zip,52469204,,listed_only
training,logs/training/br-superhuman-reimu-sparse-fresh-20261001-v2,logs/training/br-superhuman-reimu-sparse-fresh-20261001-v2/checkpoints/updated_73728_steps.zip,52469284,,listed_only
training,logs/training/br-superhuman-reimu-sparse-fresh-20261001-v2,logs/training/br-superhuman-reimu-sparse-fresh-20261001-v2/checkpoints/updated_8192_steps.zip,52468795,,listed_only
training,logs/training/br-superhuman-reimu-sparse-fresh-20261001-v2,logs/training/br-superhuman-reimu-sparse-fresh-20261001-v2/final.zip,52469707,01dd8978e82026bd522a756312f5dea152d92d44e8707ac2ae19f6086d436a56,rehashed_selected_artifact
training,logs/training/br-superhuman-reimu-two-epochs-20261001,logs/training/br-superhuman-reimu-two-epochs-20261001/checkpoints/ppo_131072_steps.zip,52469736,,listed_only
training,logs/training/br-superhuman-reimu-two-epochs-20261001,logs/training/br-superhuman-reimu-two-epochs-20261001/checkpoints/ppo_65536_steps.zip,52469227,,listed_only
training,logs/training/br-superhuman-reimu-two-epochs-20261001,logs/training/br-superhuman-reimu-two-epochs-20261001/checkpoints/updated_73728_steps.zip,52469307,,listed_only
training,logs/training/br-superhuman-reimu-two-epochs-20261001,logs/training/br-superhuman-reimu-two-epochs-20261001/checkpoints/updated_8192_steps.zip,52468793,,listed_only
training,logs/training/br-superhuman-reimu-two-epochs-20261001,logs/training/br-superhuman-reimu-two-epochs-20261001/final.zip,52469733,69aa0b18c3e8f4a5797157d8b838b9f7f01de5aa9a0d720f618f5c8113a34053,rehashed_selected_artifact
training,logs/training/linux-ppo-human,logs/training/linux-ppo-human/player_0/checkpoints/ppo_131072_steps.zip,12514393,,listed_only
training,logs/training/linux-ppo-human,logs/training/linux-ppo-human/player_0/checkpoints/ppo_196608_steps.zip,12514953,,listed_only
training,logs/training/linux-ppo-human,logs/training/linux-ppo-human/player_0/checkpoints/ppo_262144_steps.zip,12514953,,listed_only
training,logs/training/linux-ppo-human,logs/training/linux-ppo-human/player_0/checkpoints/ppo_65536_steps.zip,12513272,,listed_only
training,logs/training/linux-ppo-human,logs/training/linux-ppo-human/player_0/final.zip,12514951,0a29592bc303de969e6cb68aafad7e7965e9f2b100c147283dcbf78259aa6459,rehashed_selected_artifact
training,logs/training/linux-ppo-human,logs/training/linux-ppo-human/player_1/checkpoints/ppo_131072_steps.zip,12514449,,listed_only
training,logs/training/linux-ppo-human,logs/training/linux-ppo-human/player_1/checkpoints/ppo_196608_steps.zip,12514953,,listed_only
training,logs/training/linux-ppo-human,logs/training/linux-ppo-human/player_1/checkpoints/ppo_262144_steps.zip,12514953,,listed_only
training,logs/training/linux-ppo-human,logs/training/linux-ppo-human/player_1/checkpoints/ppo_65536_steps.zip,12513220,,listed_only
training,logs/training/linux-ppo-human,logs/training/linux-ppo-human/player_1/final.zip,12514951,9cb169724e0432720323cec26df6b8f5d09a7e213f08719bd496b87900148b79,rehashed_selected_artifact
pretraining,logs/pretraining/address-noisy-marisa-reimu-20261003,logs/pretraining/address-noisy-marisa-reimu-20261003/best.zip,53060255,b1362be176c8f7d97f572fbf054e6b7416fa69667360bd7084e38a123362418a,rehashed_selected_artifact
pretraining,logs/pretraining/address-noisy-marisa-reimu-20261003,logs/pretraining/address-noisy-marisa-reimu-20261003/final.zip,53060255,da827b32e65fb3b416878eb48a0106dbfd4042b072e16623db8058da796b0dd4,rehashed_selected_artifact
pretraining,logs/pretraining/address-noisy-marisa-reimu-20261003,logs/pretraining/address-noisy-marisa-reimu-20261003/initial.zip,22947987,683402810f45cdc92ad5e7a802099bbdd84078ac8e8fbf36b712b8245acf60b3,rehashed_selected_artifact
pretraining,logs/pretraining/address-recovery-marisa-reimu-20261002,logs/pretraining/address-recovery-marisa-reimu-20261002/best.zip,53060255,06e6b711bbbc3b2d8423d348fc62f9e90be213cf87b7f1768f9372abb0215a78,rehashed_selected_artifact
pretraining,logs/pretraining/address-recovery-marisa-reimu-20261002,logs/pretraining/address-recovery-marisa-reimu-20261002/final.zip,53060255,d3b65f5a468632c15c359542f5b7d5c481de495b3c76fc4a8cad5540aab2f3aa,rehashed_selected_artifact
pretraining,logs/pretraining/address-recovery-marisa-reimu-20261002,logs/pretraining/address-recovery-marisa-reimu-20261002/initial.zip,22947987,49a03865876d8850bd8dafccc50bf1570b2b009d654813b5b41ec224dac963b4,rehashed_selected_artifact
pretraining,logs/pretraining/god-marisa-reimu-action-id-20261002,logs/pretraining/god-marisa-reimu-action-id-20261002/best.zip,59367222,613487fd4b27780e4abe561f27adc7f47311bbd646dea57a90c23d322ee0366e,rehashed_selected_artifact
pretraining,logs/pretraining/god-marisa-reimu-action-id-20261002,logs/pretraining/god-marisa-reimu-action-id-20261002/final.zip,59367222,07801dadf2012caa07670c78a2a54502d8095e7c96f34ba2654e25fc2607ecb1,rehashed_selected_artifact
pretraining,logs/pretraining/god-marisa-reimu-action-id-20261002,logs/pretraining/god-marisa-reimu-action-id-20261002/initial.zip,25050547,b75ddd4efcb55006046ee63f619cf2feede7667e6dd80c40c119ba130a457655,rehashed_selected_artifact
pretraining,logs/pretraining/god-marisa-reimu-address-aggregate-20261002,logs/pretraining/god-marisa-reimu-address-aggregate-20261002/best.zip,53060255,10086f60269302c74a613f42e367de5ad5ec5fffd3cbb2025610adfe93228c4e,rehashed_selected_artifact
pretraining,logs/pretraining/god-marisa-reimu-address-aggregate-20261002,logs/pretraining/god-marisa-reimu-address-aggregate-20261002/final.zip,53060255,62621761311a7d407c3d132f2064b6d730ac4a9732faf6be9a2f9aa4c609a7ae,rehashed_selected_artifact
pretraining,logs/pretraining/god-marisa-reimu-address-aggregate-20261002,logs/pretraining/god-marisa-reimu-address-aggregate-20261002/initial.zip,22947987,2545389dd2a110c5b03bfd87219ece81d549d3d34c81a3ceba0718efae9a21db,rehashed_selected_artifact
pretraining,logs/pretraining/god-marisa-reimu-address-change1-20261003,logs/pretraining/god-marisa-reimu-address-change1-20261003/best.zip,22947987,b3923f3d924a457446d60c72facf4bd1fb71a3e9d74525ce23870ba262f35e0e,rehashed_selected_artifact
pretraining,logs/pretraining/god-marisa-reimu-address-change1-20261003,logs/pretraining/god-marisa-reimu-address-change1-20261003/final.zip,53060255,7632b568fe696d460682d788020dc044ee462ea221f7762b6946009655d3f3c0,rehashed_selected_artifact
pretraining,logs/pretraining/god-marisa-reimu-address-change1-20261003,logs/pretraining/god-marisa-reimu-address-change1-20261003/initial.zip,22947987,b3923f3d924a457446d60c72facf4bd1fb71a3e9d74525ce23870ba262f35e0e,rehashed_selected_artifact
pretraining,logs/pretraining/god-marisa-reimu-address-change4-20261003,logs/pretraining/god-marisa-reimu-address-change4-20261003/best.zip,53060255,071e0342f68d3995ccd5985a17d10440b4fd0a00876280532d2d4424a3b6ee7b,rehashed_selected_artifact
pretraining,logs/pretraining/god-marisa-reimu-address-change4-20261003,logs/pretraining/god-marisa-reimu-address-change4-20261003/final.zip,53060255,a1347d5c7b6bf7d04b5d562cd4bfc3fc30203d7074ebe32486bbb9741ff2c523,rehashed_selected_artifact
pretraining,logs/pretraining/god-marisa-reimu-address-change4-20261003,logs/pretraining/god-marisa-reimu-address-change4-20261003/initial.zip,22947987,136346e493a3b9ebcaa72f8ee27305910c2f3b8c79e59dd19f08e185b6262d90,rehashed_selected_artifact
pretraining,logs/pretraining/god-marisa-reimu-address-expansion64-20261002,logs/pretraining/god-marisa-reimu-address-expansion64-20261002/best.zip,53060255,504cf5ffc03f87cf60e9bbb38e9b293f842f7b2295607855416278d4d18b94da,rehashed_selected_artifact
pretraining,logs/pretraining/god-marisa-reimu-address-expansion64-20261002,logs/pretraining/god-marisa-reimu-address-expansion64-20261002/final.zip,53060255,5dca9300da3a313234629e61c2f908be543c4b9b4dea14a1254acc06d26bc1f1,rehashed_selected_artifact
pretraining,logs/pretraining/god-marisa-reimu-address-expansion64-20261002,logs/pretraining/god-marisa-reimu-address-expansion64-20261002/initial.zip,22947987,3031df098f1ec5166496e0b8aba3646d90c7a33029822cac3592f6de72005dec,rehashed_selected_artifact
pretraining,logs/pretraining/god-marisa-reimu-address-invariant-20261002,logs/pretraining/god-marisa-reimu-address-invariant-20261002/best.zip,53060255,5a3ba7e04f95bff4b68be91e936d331f51ba8b58845fb48b07380aed1f630876,rehashed_selected_artifact
pretraining,logs/pretraining/god-marisa-reimu-address-invariant-20261002,logs/pretraining/god-marisa-reimu-address-invariant-20261002/final.zip,53060255,6291794481adf40fcf6addd757329f2a737fa40677fc0ca906e140988cdc9469,rehashed_selected_artifact
pretraining,logs/pretraining/god-marisa-reimu-address-invariant-20261002,logs/pretraining/god-marisa-reimu-address-invariant-20261002/initial.zip,22947987,eca1c7045c4c25431ef9ef68716a597559fcafd3d0107173c5a3883706149716,rehashed_selected_artifact
pretraining,logs/pretraining/god-marisa-reimu-address-lstm512-20261002,logs/pretraining/god-marisa-reimu-address-lstm512-20261002/best.zip,79848095,f826ef428331714d41b1eecee2b6e7d440898595d2babae3d956fb43ea5ff426,rehashed_selected_artifact
pretraining,logs/pretraining/god-marisa-reimu-address-lstm512-20261002,logs/pretraining/god-marisa-reimu-address-lstm512-20261002/final.zip,79848095,8be0595f863304ca6bbd6746c3a746d4f77532a5151a19f427c1dfebe63cd84b,rehashed_selected_artifact
pretraining,logs/pretraining/god-marisa-reimu-address-lstm512-20261002,logs/pretraining/god-marisa-reimu-address-lstm512-20261002/initial.zip,31877267,ecdd89c0a247df22b5aa3af95a17543f84dbdc0e879f123137537093ceba74eb,rehashed_selected_artifact
pretraining,logs/pretraining/god-marisa-reimu-aggregate-20261001,logs/pretraining/god-marisa-reimu-aggregate-20261001/best.zip,39991378,a80707da92393bc9de0efc5c3b63c1577b8ebaf831302f7be770b802d0dfa699,rehashed_selected_artifact
pretraining,logs/pretraining/god-marisa-reimu-aggregate-20261001,logs/pretraining/god-marisa-reimu-aggregate-20261001/final.zip,39991378,ae20ab46d7ff3dc9be8896c250763dcad79d113e1dd7e977852d18c9cb520ed1,rehashed_selected_artifact
pretraining,logs/pretraining/god-marisa-reimu-aggregate-20261001,logs/pretraining/god-marisa-reimu-aggregate-20261001/initial.zip,18592766,fbc76e0ae42edb0a2c35db1df7b1db51c76db2046c7ef6fd7b4c3db5040e0efd,rehashed_selected_artifact
pretraining,logs/pretraining/god-marisa-reimu-aggregate2-20261001,logs/pretraining/god-marisa-reimu-aggregate2-20261001/best.zip,39991378,4f75c4b64daafb4e3a939ef268977d4f3b75dcc4f98ec5a1a10eeecd9c143f02,rehashed_selected_artifact
pretraining,logs/pretraining/god-marisa-reimu-aggregate2-20261001,logs/pretraining/god-marisa-reimu-aggregate2-20261001/final.zip,39991378,647a46a6ff3ca06e6282da7e62ab672af7558547b411ab3e72f4dc51f7a7fc2c,rehashed_selected_artifact
pretraining,logs/pretraining/god-marisa-reimu-aggregate2-20261001,logs/pretraining/god-marisa-reimu-aggregate2-20261001/initial.zip,18592766,b6612d52a587960241c5138639e37734b1a07388c95c5716d6cafd292c66d898,rehashed_selected_artifact
pretraining,logs/pretraining/god-marisa-reimu-bc-20261001,logs/pretraining/god-marisa-reimu-bc-20261001/best.zip,39991378,f0ff116ef3fd2215a3082dee6de488b4dd772c7fc40b12303f5cc8912f05b576,rehashed_selected_artifact
pretraining,logs/pretraining/god-marisa-reimu-bc-20261001,logs/pretraining/god-marisa-reimu-bc-20261001/final.zip,39991378,f0ff116ef3fd2215a3082dee6de488b4dd772c7fc40b12303f5cc8912f05b576,rehashed_selected_artifact
pretraining,logs/pretraining/god-marisa-reimu-bc-20261001,logs/pretraining/god-marisa-reimu-bc-20261001/initial.zip,18592766,25c6810c9a8a30af8a43e568e7b57ac2afa81e04c9e70fb2612dadb217fb48ad,rehashed_selected_artifact
pretraining,logs/pretraining/god-marisa-reimu-canonical-20261003,logs/pretraining/god-marisa-reimu-canonical-20261003/best.zip,53057920,bbe1e187625fcd5efe56191df0f09a31d0f75fde5ef7eabc80cdb31495475987,rehashed_selected_artifact
pretraining,logs/pretraining/god-marisa-reimu-canonical-20261003,logs/pretraining/god-marisa-reimu-canonical-20261003/final.zip,53057920,b46cb778ffa9567c8bac823683298764147438fac5ded24714ac11ad139faf9f,rehashed_selected_artifact
pretraining,logs/pretraining/god-marisa-reimu-canonical-20261003,logs/pretraining/god-marisa-reimu-canonical-20261003/initial.zip,22945652,04d8dcd59e5a20f004c173ab044d1a9c249478b992a2e9588b58c8670975419d,rehashed_selected_artifact
pretraining,logs/pretraining/god-marisa-reimu-critic-calibrated-20261002,logs/pretraining/god-marisa-reimu-critic-calibrated-20261002/best.zip,22947987,8b9a0cf1a91a44559a033c8d71cbc4dcc2f9e2f7f3dbb1b64c5d25652ff1d8e3,rehashed_selected_artifact
pretraining,logs/pretraining/god-marisa-reimu-critic-calibrated-20261002,logs/pretraining/god-marisa-reimu-critic-calibrated-20261002/initial.zip,22947987,4a01695a8762aa932c2c7f7019b46096f935c716ff48522c0ea3773e6d44894d,rehashed_selected_artifact
pretraining,logs/pretraining/god-marisa-reimu-critic-calibrated-v2-20261002,logs/pretraining/god-marisa-reimu-critic-calibrated-v2-20261002/best.zip,22947987,f20acc6fd69779251a500d36fd2a04bd84539cb76712560678282f061657cb51,rehashed_selected_artifact
pretraining,logs/pretraining/god-marisa-reimu-critic-calibrated-v2-20261002,logs/pretraining/god-marisa-reimu-critic-calibrated-v2-20261002/final.zip,22947987,7dee0c19e8eda429e31f0072c884f7ea987c88f05163c7a3c805350eb7299a82,rehashed_selected_artifact
pretraining,logs/pretraining/god-marisa-reimu-critic-calibrated-v2-20261002,logs/pretraining/god-marisa-reimu-critic-calibrated-v2-20261002/initial.zip,22947987,433224535f19bfd143bebabae9ccc76de2dc58e8dacf6cf10baaf262914cf878,rehashed_selected_artifact
pretraining,logs/pretraining/god-marisa-reimu-facing-20261003,logs/pretraining/god-marisa-reimu-facing-20261003/best.zip,53057888,09b0e49c5476fda485a69b3f3e002243e2667fdd2301a680fdc402252cd62c69,rehashed_selected_artifact
pretraining,logs/pretraining/god-marisa-reimu-facing-20261003,logs/pretraining/god-marisa-reimu-facing-20261003/final.zip,53057888,007bbf5168a5a4856d089cc9a30df9581e15d0aa43c24992bbfe55ec05c29366,rehashed_selected_artifact
pretraining,logs/pretraining/god-marisa-reimu-facing-20261003,logs/pretraining/god-marisa-reimu-facing-20261003/initial.zip,22945620,e63bea22e6988fc52d816a3f8d90302783cec8b4011b743bfbb17b1f3f2c2e34,rehashed_selected_artifact
pretraining,logs/pretraining/god-marisa-reimu-factorized-20261001,logs/pretraining/god-marisa-reimu-factorized-20261001/best.zip,38258658,adc8fc18f5bff1c3051bc9193149f334b2664e50e6e06a366ff2571eabfa867a,rehashed_selected_artifact
pretraining,logs/pretraining/god-marisa-reimu-factorized-20261001,logs/pretraining/god-marisa-reimu-factorized-20261001/final.zip,38258658,adc8fc18f5bff1c3051bc9193149f334b2664e50e6e06a366ff2571eabfa867a,rehashed_selected_artifact
pretraining,logs/pretraining/god-marisa-reimu-factorized-20261001,logs/pretraining/god-marisa-reimu-factorized-20261001/initial.zip,18013582,6b265f634758cec20a8b098218895e33744ef78e16d69bb6d6ea4090cdb70d0b,rehashed_selected_artifact
pretraining,logs/pretraining/god-marisa-reimu-feature-split-20261002,logs/pretraining/god-marisa-reimu-feature-split-20261002/final.zip,32138698,b1ef4af118b25093ebcdf0d98062bc9226880499fd633efd667c68c5f0dd67fa,rehashed_selected_artifact
pretraining,logs/pretraining/god-marisa-reimu-feedforward-address-20261003,logs/pretraining/god-marisa-reimu-feedforward-address-20261003/best.zip,40419963,0cb0b7c51d213e14fed44cac2e22cbfb846cb3186fa53a27162eda0954b4b12b,rehashed_selected_artifact
pretraining,logs/pretraining/god-marisa-reimu-feedforward-address-20261003,logs/pretraining/god-marisa-reimu-feedforward-address-20261003/final.zip,40419963,851d1ff181ffc6cca7115263ea7c6d74beb1e51a8f7ebe0269742ec5b6bec2bf,rehashed_selected_artifact
pretraining,logs/pretraining/god-marisa-reimu-feedforward-address-20261003,logs/pretraining/god-marisa-reimu-feedforward-address-20261003/initial.zip,18735655,c0ca5b0f513938361664178bfe90534d42a43814ef46d6bba0b54380075159cf,rehashed_selected_artifact
pretraining,logs/pretraining/god-marisa-reimu-numeric-change1-20261002,logs/pretraining/god-marisa-reimu-numeric-change1-20261002/best.zip,22947961,96e1398067fa89588ebcf44dab8ba40e208cc7cb587a2a5a97dec300dab9fdcd,rehashed_selected_artifact
pretraining,logs/pretraining/god-marisa-reimu-numeric-change1-20261002,logs/pretraining/god-marisa-reimu-numeric-change1-20261002/final.zip,53060229,d23daa2ceb8f8854339c3c94fd916a8577de6486e2dad2a1cdc4132d1bc88420,rehashed_selected_artifact
pretraining,logs/pretraining/god-marisa-reimu-numeric-change1-20261002,logs/pretraining/god-marisa-reimu-numeric-change1-20261002/initial.zip,22947961,96e1398067fa89588ebcf44dab8ba40e208cc7cb587a2a5a97dec300dab9fdcd,rehashed_selected_artifact
pretraining,logs/pretraining/god-marisa-reimu-numeric-change4-20261002,logs/pretraining/god-marisa-reimu-numeric-change4-20261002/best.zip,53060229,d468a5b14a9f87f00cedc90f2eb5044b36db5d1caf8f9587b12bc9f62a6d625f,rehashed_selected_artifact
pretraining,logs/pretraining/god-marisa-reimu-numeric-change4-20261002,logs/pretraining/god-marisa-reimu-numeric-change4-20261002/final.zip,53060229,d2f30ec4ae075c98c2a11d6c6d6481136b0dcc451c36130bfdd61659cdbded7b,rehashed_selected_artifact
pretraining,logs/pretraining/god-marisa-reimu-numeric-change4-20261002,logs/pretraining/god-marisa-reimu-numeric-change4-20261002/initial.zip,22947961,fdc96d7cbc363d38a0a5478b7273107aa2c12db2b3a20be2ed22a4cdac5c974a,rehashed_selected_artifact
pretraining,logs/pretraining/god-marisa-reimu-numeric-control-20261002,logs/pretraining/god-marisa-reimu-numeric-control-20261002/best.zip,53060229,d872dec70e6568ed59f6cc5fd2de8aa0b3185248cd3fb6efa25c19825a50e474,rehashed_selected_artifact
pretraining,logs/pretraining/god-marisa-reimu-numeric-control-20261002,logs/pretraining/god-marisa-reimu-numeric-control-20261002/final.zip,53060229,e34e65cd9905a6220ce70dd32a3325181b3d4a5966da8f6c403d8b95e334a16c,rehashed_selected_artifact
pretraining,logs/pretraining/god-marisa-reimu-numeric-control-20261002,logs/pretraining/god-marisa-reimu-numeric-control-20261002/initial.zip,22947961,64dcf07d91f72afb00e85091e569d83744fbe039ae888cb93f66184aa50d024f,rehashed_selected_artifact
pretraining,logs/pretraining/god-marisa-reimu-recurrent-20261001,logs/pretraining/god-marisa-reimu-recurrent-20261001/best.zip,52631670,1eee9ab69f61840f5ba1c03c249c522b19a117dd48f2702a49d9a4e4d361aa4a,rehashed_selected_artifact
pretraining,logs/pretraining/god-marisa-reimu-recurrent-20261001,logs/pretraining/god-marisa-reimu-recurrent-20261001/final.zip,52631670,bbb2ef307001d3f5bca28d4b465714d222623af1e6aefb10ca1a010de3724e5d,rehashed_selected_artifact
pretraining,logs/pretraining/god-marisa-reimu-recurrent-20261001,logs/pretraining/god-marisa-reimu-recurrent-20261001/initial.zip,22805098,b5b686e93508b3d47e485d820467114a7df30c3bb73a8d81053db7555c34acd5,rehashed_selected_artifact
pretraining,logs/pretraining/god-marisa-reimu-recurrent-aggregate-20261001,logs/pretraining/god-marisa-reimu-recurrent-aggregate-20261001/best.zip,52631670,756eb8dcdbc44a47218f835ba89a3ede886f9317e759820a983a3ee9f013ceeb,rehashed_selected_artifact
pretraining,logs/pretraining/god-marisa-reimu-recurrent-aggregate-20261001,logs/pretraining/god-marisa-reimu-recurrent-aggregate-20261001/final.zip,52631670,44a039f53300131e6ce8bddab2bfb53c2fe7e90822e0046a76fc81c739c85917,rehashed_selected_artifact
pretraining,logs/pretraining/god-marisa-reimu-recurrent-aggregate-20261001,logs/pretraining/god-marisa-reimu-recurrent-aggregate-20261001/initial.zip,22805098,84be78f8b970bcb16ac4d4fe28603dc6a6ded6b517643efc71531fa9b4cd2d5e,rehashed_selected_artifact
pretraining,logs/pretraining/god-marisa-reimu-recurrent-expanded-20261001,logs/pretraining/god-marisa-reimu-recurrent-expanded-20261001/best.zip,52631670,66c2550c97149e76d1853bcc66ca415cbab3862bbd3fa641a3cc2f601d131cda,rehashed_selected_artifact
pretraining,logs/pretraining/god-marisa-reimu-recurrent-expanded-20261001,logs/pretraining/god-marisa-reimu-recurrent-expanded-20261001/final.zip,52631670,3a6b194a826713ce652964b5c58effbb01b7dd8e5075d37e9cba9fed57c5852b,rehashed_selected_artifact
pretraining,logs/pretraining/god-marisa-reimu-recurrent-expanded-20261001,logs/pretraining/god-marisa-reimu-recurrent-expanded-20261001/initial.zip,22805098,7ff4716c59b7214842384642800f1e8ab8be0305545b94a1cadacdb385a0a9ed,rehashed_selected_artifact
pretraining,logs/pretraining/god-marisa-reimu-recurrent-factorized-address-20261002,logs/pretraining/god-marisa-reimu-recurrent-factorized-address-20261002/best.zip,51326932,a5eb6637bed1ef9ee70228da1bae1e1cfcf969b829fbb661c5017cf60ef7c0ce,rehashed_selected_artifact
pretraining,logs/pretraining/god-marisa-reimu-recurrent-factorized-address-20261002,logs/pretraining/god-marisa-reimu-recurrent-factorized-address-20261002/final.zip,51326932,9a12db0735eec889ea4d4ee1cb13b2fc6c76f79c7d2c2a1525c186c7c8c90f63,rehashed_selected_artifact
pretraining,logs/pretraining/god-marisa-reimu-recurrent-factorized-address-20261002,logs/pretraining/god-marisa-reimu-recurrent-factorized-address-20261002/initial.zip,22368200,9a8bee35cca0a0ef70c8c7e28105624cc609f56a1988d852dd4c8cc78594eb74,rehashed_selected_artifact
pretraining,logs/pretraining/god-marisa-reimu-recurrent-numeric-combat-20261001,logs/pretraining/god-marisa-reimu-recurrent-numeric-combat-20261001/best.zip,53060229,78f862c3cc1e171663678b3ad019649bbd903e33f6f214b0161c853535d06982,rehashed_selected_artifact
pretraining,logs/pretraining/god-marisa-reimu-recurrent-numeric-combat-20261001,logs/pretraining/god-marisa-reimu-recurrent-numeric-combat-20261001/final.zip,53060229,35ed7b6550e6485c4955e7856bef28174fa3cfcbc50fe265706de4b870243a03,rehashed_selected_artifact
pretraining,logs/pretraining/god-marisa-reimu-recurrent-numeric-combat-20261001,logs/pretraining/god-marisa-reimu-recurrent-numeric-combat-20261001/initial.zip,22947961,c7f9a23838d0949915e9a437745ffd6eda9b8b0fada4d23a51393b2d06d83265,rehashed_selected_artifact
pretraining,logs/pretraining/god-marisa-reimu-recurrent-persistent-20261003,logs/pretraining/god-marisa-reimu-recurrent-persistent-20261003/best.zip,53063307,3bd7d944aebe98e2a7d18202d8773c5c3f91d0e2231ef5936b5606a40772aa96,rehashed_selected_artifact
pretraining,logs/pretraining/god-marisa-reimu-recurrent-persistent-20261003,logs/pretraining/god-marisa-reimu-recurrent-persistent-20261003/final.zip,53063307,e411b2302e8c9c6666eb0a458b535add6edf4bdf1d95ffd208762aee7c45a932,rehashed_selected_artifact
pretraining,logs/pretraining/god-marisa-reimu-recurrent-persistent-20261003,logs/pretraining/god-marisa-reimu-recurrent-persistent-20261003/initial.zip,22947345,b75152b8dabb16d987fa84ae68e8b245a6004d29cd2b8fb66f13f6202de0aa13,rehashed_selected_artifact
pretraining,logs/pretraining/god-marisa-reimu-recurrent-separate-20261001,logs/pretraining/god-marisa-reimu-recurrent-separate-20261001/best.zip,79777661,c5c9638f5d1fdd4dbf1e2fc3b8578b01372cb7ff60601321a6317127fa1724b5,rehashed_selected_artifact
pretraining,logs/pretraining/god-marisa-reimu-recurrent-separate-20261001,logs/pretraining/god-marisa-reimu-recurrent-separate-20261001/final.zip,79777661,e5c3b55dc8d225f74e2a612ee2fb1f4381906ba368a3fc956fb18ee42b89c287,rehashed_selected_artifact
pretraining,logs/pretraining/god-marisa-reimu-recurrent-separate-20261001,logs/pretraining/god-marisa-reimu-recurrent-separate-20261001/initial.zip,31852967,dacd1b3f401f4f583d08a4d34d569cc8cc7e9bf361a55ac4d39990efe1f12502,rehashed_selected_artifact
pretraining,logs/pretraining/god-marisa-reimu-relational-20261002,logs/pretraining/god-marisa-reimu-relational-20261002/best.zip,28422156,15dc5b80a14a74d3d7b83bfbed42365f43ddc2a48080cb65666ea43acf048b77,rehashed_selected_artifact
pretraining,logs/pretraining/god-marisa-reimu-relational-20261002,logs/pretraining/god-marisa-reimu-relational-20261002/final.zip,28422156,fc31d03365b4a7fa90b1824f5740f9dec4666874c7ccacf333474b95a46540c4,rehashed_selected_artifact
pretraining,logs/pretraining/god-marisa-reimu-relational-20261002,logs/pretraining/god-marisa-reimu-relational-20261002/initial.zip,14737874,e5dc419de36faf4b233256d1e1c8368767b5beda2c78c4a1cc6aa9da34279932,rehashed_selected_artifact
pretraining,logs/pretraining/god-marisa-reimu-split-calibrated-20261002,logs/pretraining/god-marisa-reimu-split-calibrated-20261002/final.zip,32138698,210ded1c6c1a4da86e486c6c4719841c6f1a83db471c6cc1f4a6d91c210c4568,rehashed_selected_artifact
diagnostics,logs/diagnostics/br-adaptive-game-20261001,logs/diagnostics/br-adaptive-game-20261001/checkpoints/ppo_4096_steps.zip,31199341,,listed_only
