path,status,reported_success,steps,best_epoch,supervised_updates,error,result_sha256,config_sha256,identity_sha256,documentation
logs/training/br-address-action-mix50-20261002,reported_success,true,262144,,,,740600ec594edb24ca8a9d2a2b36d3b4687a7484cb7ef9552351033610420c2b,b20b4f3b7ba7e59c81de3e8e0d1d41cbacfdc911d8c07ace5696b75991f5d362,86942411a83d88f00eba096cd231e57f816a454e9efc25ae9c4dc00814674b32,
logs/training/br-address-balanced-budget-20261003,reported_success,true,1048576,,,,975b9f218c44e1ca024f72beda5fa4b2e8cb416c643409ce27a85fd21f003f31,e4ab0ffe23df58a6633e51bfb805e931eefa735bd1147b51e9e39b78595ecdb6,da5e81af395aedabe0ee069918e4485fa6e930478748718b72ec4345183e0ea3,docs/balanced-sampling-budget.md
logs/training/br-address-block-feedback-20261003,reported_success,true,1048576,,,,b2bed0df9ad5da3665a11e39145fc12152f6577e95bcd6a7efdd94a97ab81a95,94f260db90adb089c20054953f868e5876bc10b26eae3776228bdb10581db629,49463b7366bf678433ef10891b21045d71cf132a30316f86f41266cac9ec47fd,docs/block-noise-curriculum.md;docs/block-noise-difficulty-transfer.md
logs/training/br-address-control-continued-20261002,reported_success,true,65536,,,,e0bdd82caa8cfab9972d14591d3f7114c5748824b693cc6f8d970abad73ebf1c,3631cc872aa81afdb3b969fd121a9ab9b0fb45b1f27ea4f96a322b1a155095ea,b9cfdacb73e53a037efb8e0c1b7bd89e23e2bb832d88467ce82b562ec6820f3f,docs/address-small-step-ppo.md
logs/training/br-address-diverse-rollouts-20261002,reported_success,true,262144,,,,891215560a884e925b4f7722c89ec9a6682f650b083ef31c0786b8d76bcf87a5,28ffdd1efaf7cba6ba8ad3a5d1e46e8d257911bfe3ace6a966a3b5039496d66e,30cc7caa392c2292395747bb020eca9c1a0349783e1ee922f547ea8a257f1df6,docs/address-diverse-rollouts.md;docs/address-rule-reference.md
logs/training/br-address-episode-mix50-20261002,reported_success,true,262144,,,,bc09e8a716f68f5380a1dd30d77c7ba963f6991a738fd1268182cb86c2eaf7aa,b7a9fb9d43d8063c8b5bc74eea79c4f18df5b4cd3ae1d0279a3c4dad773a48bc,bf497a52fb3f5257b644b0efc7a853752045ac663747557cba803dd08ee590d5,
logs/training/br-address-facing-ppo-20261003,reported_success,true,262144,,,,6fa165fa3bcbef77744dc969f6cbe568ad3d83f728d6eeb501294c32d30a4997,f7b1c520305bf269593e725b88d4491c026cbf8437417cbeaf547d821d0d2f70,cd1a067bc4d5e5a16d9c3efe32f4828cf04e8c6dbda9a5fd3f6d74a12b331764,docs/facing-action-head.md
logs/training/br-address-frozen-representation-20261003,reported_success,true,65536,,,,ccb10c522ff564df444a21afa0b6a6054b8da28ef9a7529262ac68dc211cc369,7d56d43bc5b5d529ee88d412d22c28d9cc93b75da8ffa118b4085332892ded5f,fd6a7b58164f7077f78fdc48d0d930343509e10e28e84e69887af33a53a127c4,docs/frozen-actor-representation.md
logs/training/br-address-large-batch-20261002,reported_success,true,65536,,,,e622b3e6a053efbb71107e83812a8a8942cba9ee177612cd21ec7fd71f37be34,087016ca450a5776d9c7fd3ae2a7bfd6230df794b168c56e56e648f3f60f35af,6b1cf7d64ce5056e5d44d8e5a7a258c4af3698b4554097842a255c5226952dca,docs/address-large-batch.md
logs/training/br-address-long-credit-budget-20261003,reported_success,true,1048576,,,,9e692b3bf445de5af64c0fd1f645be648cc3ab69c59a63b17724635e13008c6a,6bc89b2905f998c49c77df09af42c83849b0373bdc9002988be2f8448a6ec299,bb80a437576516987c4c8c1e80d9e1187e8a058a38b307c6e60a9735f709a502,docs/address-credit-horizons.md
logs/training/br-address-low-noise-feedback-20261003,reported_success,true,1048576,,,,15ee7e79fca08209da0c194a88e412ace287d89fd3f25c64553abaf1582d51b5,93f89c83de1b6c0adf965bb94b6dd50da3993ee1f6faaf567c857602228de8af,02dc76cf602e558bdd68137fff5e44016bf60c425575ae8e2ef15b0f2fcdf673,docs/low-noise-feedback.md
logs/training/br-address-online-teacher-20261002,reported_success,true,65536,,,,26e1086fcd9832f21e09cda7109e5fd8fccb07fcb447c57efa1800474b2383bb,10991a11575857da1fcdb200fb943b3e840bcbb28fd84d52f1bd084f3d583d37,f932bc4131be48ebf139a9176b183aa55b03e09f6bc1f70a5be2143722730614,
logs/training/br-address-online-teacher-strong-20261003,reported_success,true,65536,,,,9a3f1fcccacb7eefa70dafa7ed7f6f6b699ff4b91e6fc72a60774ed312e9322a,5785d30b1bb30b621ab018276fb6c8c4ef0298adf958bd0ac95b562182c45598,bade210c08afef1066145b8b7053fd527d08375be0634869d6936bc977eb3684,docs/online-rule-teacher.md
logs/training/br-address-slow-feedback-20261003,reported_success,true,262144,,,,6832fba1fbb565b631bc2c4b736b50a639d334876fbf0cdcd5a55f0de18bd723,6cfa59e375fe1f69349b7e8e2eff08a721c867d74a3fbb958c075db0bb783e64,23dfeea7050907e732e7ddc91bbe03a4f4456998ee5dc61df76518dc056a180d,docs/curriculum-feedback-age.md;docs/curriculum-sampling-budget.md
logs/training/br-address-slow-feedback-budget-20261003,reported_success,true,1048576,,,,556e4350051801609d905d87e280e6c7d3363598dfbc259ae000abeb4f766e76,7812ddcf6ea9e0f3d5b51066cf4785c3ede74f5d87a716a48b97cd11ef561548,03c2663144e10a43adebc65253cba737c55e81cbbaaa30d4a49b18784ea18c90,docs/curriculum-sampling-budget.md
logs/training/br-address-slow-feedback-second-budget-20261003,reported_success,true,2097152,,,,78d040fb9395fa8434894cfdced44ae43b53cd86d14e1e156a7bdbdfbe920720,fde489319c88052e3122e9237d4e4fd0a731bcf5a7524f2822f8f0e3d0b6873e,2a5d369cdafb722b22692b883137a895d176226458978cb6833adf73919bcc30,
logs/training/br-address-teacher-control-20261002,reported_success,true,65536,,,,861d996cc508724b0966751897ea35811760f1fbc74b4772fb671fbcfc06a948,4c6e8f2df3f33b9b7de2b948e4535200126b8df09ab4920131ea1686fff42e10,40eb6e7381b6a26a331a492b99e26946efbe87fe6bdee077e59ed0bc2d6dd3c6,
logs/training/br-address-teacher-replay-20261003,reported_success,true,65536,,,,f6a7158eddca436b4ed2c8bc18752daf01c2b6456b28effc4e13283a1b5fc038,26e86ec708c5af1e6f3737179efb587a5af723670dbd99d66414e83e5a715feb,eedf9500721f42b109c0f5704e3bcdca93f086dc90b52c8acdf485d65593a543,docs/teacher-replay.md
logs/training/br-address-warmup-control-20261002,reported_success,true,65536,,,,904aa6dfba9241133c5211656c988ec9f916f4e2d45177b1a9e3367143ba7d0d,42d4b6be161a285fe396e9c3be6c088ee4c0f106c7156485c8d8aa5f355d782c,43c4a8550dfe114c577080338ac6abe97d9fd9937a7a9e27aa0cb46c37a171ee,docs/address-early-curriculum.md
logs/training/br-address-warmup-early-20261002,reported_success,true,65536,,,,24da5c18eb69a6557c54f7d8edef2b4536b1da717bd992220480962cf1b7d8ac,3c8f884a81114955251c1dcda1b4d27885a890cb64d8892d29e6776d999043a9,9e3a4e5fc913ae8752982e13a9532543424ff7e8ca808a0b99ffb5251c9b4fc0,docs/address-early-curriculum.md
logs/training/br-address-wide-credit-20261003,reported_success,true,262144,,,,d94f1042c153447eed579eba904d017d0484d0848c8f8a40568a6203f82ae7f4,55f969bbf3a1ca27db719a5b0b4d1d3129e5ebbceb8f6359e52a830a6c60d1ee,08890b513be8a718b6cf0441f5f70ff53f2a5bb7e0cee35016ec795ed5eef203,docs/address-wide-credit.md
logs/training/br-recurrent-factorized-address-ppo-20261002,reported_success,true,262144,,,,c04c20c48ad14a97ff2427358bf0c22effea27637241a32428b83bdfba856599,75aeebbd6049ae9eb2955d12a8d0d1722aeefd7d43f633d31d7b9805ca05981d,f664162aaa8713da18d23548274a13b04ed162eac99e2a4ce8052e1a3a94f8c3,docs/recurrent-factorized-br.md
logs/training/br-reimu-address-rehearsal-noise10-adaptive-20261002,reported_success,true,262144,,,,a613ba9c53d294bcc9a384fb549f5a011ef0ab7857a22c3b78652f8008637af1,9c5197219838c73cb188ef6610ef45e0358dace7ceb23bb12e994bc424672b96,453bb4c40f57b7357cd55b7663ab3b082101786223f274e4009930b375038686,docs/address-invariant-ppo.md
logs/training/br-reimu-address-rehearsal-noise90-adaptive-20261002,reported_success,true,262144,,,,a0ee9efbdbe3ad1b569b812adb67a9a93a9e7ff7836b1a0436d4b769a0f4f735,211f92c0b9b8045f52da1abac5cd49a17edc5b0bca824d7dcf6bf4b58ede8484,299ef4ef09e5c968e7df64727134a35cfdafd4857a76de44c42cd82cce873f9f,docs/address-invariant-ppo.md
logs/training/br-reimu-numeric-rehearsal-episode-mix50-adaptive-20261001,reported_success,true,262144,,,,80cd3fadf676d7ab6b93d46e7735a164f5f681257719589e1bd1e8ac857b1105,199cc6cbd7467684b49b9e02f588f0b275dfe95de1fe3c0940a0734bd8d64ada,70eebb380947ebee82d7042802ee5880bda62eed0a51b8d004e89b87365fd432,docs/episode-mixture-curriculum.md
logs/training/br-reimu-numeric-rehearsal-frequent-feedback-20261002,reported_success,true,262144,,,,83426ad1855481b4ceeb6c3aa4f583ac5aca4568080833413b937086bcd754a7,b15aee0815bdfee2c539b855b89572101d67ea90fb3a921941f1ca75c2913e30,52aafa04e8ab390a3022b8ee53b40a5c5898510c2a51b8cd631a53c150b41138,docs/curriculum-feedback-frequency.md
logs/training/br-reimu-numeric-rehearsal-gae95-adaptive-20261001,reported_success,true,262144,,,,0e5de075fa4045bb883673d519f651a2d4634e1687525d9badbe97d7805550be,058b58a09c7fc643da5ff59e4c13fbc6c81f8741cac9cb379120aa15ed781b33,a1f63a087951593b06ca8d430a8af39aba4fcfc542647a9b51e95b674cbc8b4d,docs/recurrent-credit-experiment.md
logs/training/br-reimu-numeric-rehearsal-gae995-adaptive-20261001,reported_success,true,262144,,,,0df5ec222cdcd025897632d0cacf7aa9b66d6a90c89b6b5588fca38066a386e1,8ee607f90099add32b1385ee6b573cb00d32935ab0226acf9a4342bae16b163d,3094434bf5227fa2ec56f4523b634b26bfd501e7c2ec0aad87907f45ae8a631b,docs/recurrent-credit-experiment.md
logs/training/br-superhuman-god-all-20261001-v1,reported_failure,false,,,,KeyboardInterrupt(),f601fa7ca9fa64edb7ecbddfacd39a20e0eea681e7bc4ff1b70ef68c549ed2b1,a0bdf8696a11f4c691fc6248a2053b9829ef05871d5c74965b6a7ba9a24863ee,0f87982631a3c0deec5408727915d19ddd023bb7d0193bdf332938850b93170b,docs/algorithms.md
logs/training/br-superhuman-god-all-20261001-v2,reported_failure,false,,,,KeyboardInterrupt(),7a8c2d7cead62535d2bc1dd7d54ca0f9f3eee5eeac9cdfe75918b2b5f8528856,55c685986366b0e1046695a517c04b69397e7ef0f51dd4bf2e542704c37a9ca5,ab5c501822b7746b29ef46e3e594ea1bd08c23ae71a22ad58c510aaacd87a1ce,docs/algorithms.md;docs/training-acceptance.md
logs/training/br-superhuman-god-baseline-20261001,reported_failure,false,,,,"RuntimeError('Traceback (most recent call last):\n  File ""Z:\\home\\wjxie\\wjxie\\rl\\th123-Sudo\\SokuRL\\tools\\rollout_worker.py"", line 34, in main\n    value = backend.reset_slots(payload)\n            ^^^^^^^^^^^^^^^^^^^^^^^^^^^^\n  File ""Z:\\home\\wjxie\\wjxie\\rl\\th123-Sudo\\SokuRL\\tools\\game_runtime\\batch.py"", line 87, in reset_slots\n    pending[slot] = (client.reset_episode(seeds[slot]), segment)\n         ^^^^^^^^^^^^^^^^^^^^^^^^^\n  File ""Z:\\home\\wjxie\\wjxie\\rl\\th123-Sudo\\SokuRL\\tools\\game_runtime\\batch.py"", line 109, in _launch_slots\n    def reset_matchups(self, seeds, matches):\n                    ^^^^^^^^^^^^^^^^^^^^^^^^^\n  File ""Z:\\home\\wjxie\\wjxie\\rl\\th123-Sudo\\SokuRL\\tools\\sokurl.py"", line 346, in _launch_vs_group_from_title\n    return _start_vs_processes(worker_count, timeout, env, seeds)\n           ^^^^^^^^^^^^^^^^^^^^^^^^^^^^^^^^^^^^^^^^^^^^^^^^^^^^^^\n  File ""Z:\\home\\wjxie\\wjxie\\rl\\th123-Sudo\\SokuRL\\tools\\sokurl.py"", line 389, in _start_vs_processes\n    raise RuntimeError(f""Title bootstrap timeout: {stalled}"")\nRuntimeError: Title bootstrap timeout: [{\'pid\': 3004, \'read_error\': ""OSError(5, \'ReadProcessMemory failed at 0x008A0044\')""}, {\'pid\': 1956, \'read_error\': ""OSError(5, \'ReadProcessMemory failed at 0x008A0044\')""}, {\'pid\': 2068, \'read_error\': ""OSError(5, \'ReadProcessMemory failed at 0x008A0044\')""}, {\'pid\': 456, \'read_error\': ""OSError(5, \'ReadProcessMemory failed at 0x008A0044\')""}, {\'pid\': 1936, \'read_error\': ""OSError(5, \'ReadProcessMemory failed at 0x008A0044\')""}, {\'pid\': 1696, \'read_error\': ""OSError(5, \'ReadProcessMemory failed at 0x008A0044\')""}, {\'pid\': 596, \'read_error\': ""OSError(5, \'ReadProcessMemory failed at 0x008A0044\')""}, {\'pid\': 2140, \'read_error\': ""OSError(5, \'ReadProcessMemory failed at 0x008A0044\')""}]\n')",53661ed1f7974aa738a2c1b8443f0525d0f2531783225091104ee1ad5b4f2b5a,1cb0d9ae3bf091be16838f5ca062d4131ca9ea5e55acb13f0aa83d512915fb19,87b7e7ca9b8a68de61e31e4cac40f3f71ea2aa8aa45b4a8446f919255da1218b,docs/linux-development.md
logs/training/br-superhuman-god-reimu-default-20261001,reported_failure,false,,,,KeyboardInterrupt(),64ff551167d00afb5bd2b325ce110603f654b780e4314e745a223b0e0da371bd,2a28a8b25daeb3c5e97dadb576a57328843502349da3ab0e8792bfe4c2fe55bc,9de973c8e156d55f5fdc219695f600ebc4a8bd1ec66211f16679e4f0e892c03a,
logs/training/br-superhuman-god-reimu-long-credit-20261001,reported_failure,false,,,,KeyboardInterrupt(),51d251703f7dca8e96d262f58d27b9b0c82950cab062d8ac840b0dc56a83721e,b591182b1b2136c3a7ce82e8b5b2ee1d74fb61284b7c5fc924b5726a642f9ea5,20efb925f280c0a242f49c90b09a27a4581a05c54a07f1fcc78cac80e574a80e,
logs/training/br-superhuman-god-reimu-numeric-20261001,reported_failure,false,,,,KeyboardInterrupt(),9259baf28774b8f5a832eea78f8537c861fbc3f0200c18c4218191d0e38d8eab,3a375f1c48e4b6079b1bce13170e9f3346fbba1b09e88de1abbe168e03a2123f,38239df5491ac476302876ee92f9dd88cfd73e29a3d25b235e71e090604622a5,
logs/training/br-superhuman-idle-to-reimu-20261001,reported_success,true,65536,,,,ef5270a05aeb0bf9dbd60c4970426b54aad98f5027507a12bd4db52d81861a74,5fdf4ad2b267f3ed7e83536da1f1e20a42397131c291b50fa6117225349f7f83,8d06b763a85d83d1f45c83d0b9fb89fc3e19926f5df14a94fe47e63ec3b58237,docs/algorithms.md
logs/training/br-superhuman-idle-warmup-20261001,reported_success,true,65536,,,,71466dfd064c0601aeebe95e238fd8b36da4dc0ac3f52c47e92c4a82f55860cb,45bf6f6b1de7bf701c5990a627ad5cfc6289aea3736a3c9c289d73a0f8c05601,1f6a14c31a292f46541f9c45a67fd6837a98ca6df9f35425b2e034a39b583f4d,docs/algorithms.md
logs/training/br-superhuman-noise90-to-reimu-20261001,reported_success,true,65536,,,,2d31cd47cf28d0fa8bf10f199550740b09431a6ae757fa4021222303680ec683,8b512b6f37d9b4a9961388f90b30f4d08d61d1444babc22ba9583293c63304d3,dabe7a766e3fb64a7dd9d09425c93728487728f0cfcf3ee4e290d6a3c48677ca,docs/adaptive-curriculum.md
logs/training/br-superhuman-reimu-adaptive-20261001,reported_failure,false,,,,KeyboardInterrupt(),73bc221dcc9bbbc132d38299a020d0eecb56675e6943bb083fa2a2aafc302d7e,8b2322fd2572e13375edfdee5d399aa02b97fbea976ce66d52ba776f52a4db7c,18b12488552b97c708b195f6c5781669cd605d0a23ca4337f221ea1464842e2a,docs/adaptive-curriculum.md
logs/training/br-superhuman-reimu-bc-adaptive-20261001,reported_failure,false,,,,"RuntimeError('Traceback (most recent call last):\n  File ""Z:\\home\\wjxie\\wjxie\\rl\\th123-Sudo\\SokuRL\\tools\\rollout_worker.py"", line 47, in main\n    value = backend.reset_matchups(payload[""seeds""], payload[""matches""])\n            ^^^^^^^^^^^^^^^^^^^^^^^^^^^^^^^^^^^^^^^^^^^^^^^^^^^^^^^^^^^^\n  File ""Z:\\home\\wjxie\\wjxie\\rl\\th123-Sudo\\SokuRL\\tools\\game_runtime\\batch.py"", line 123, in reset_matchups\n    return self.reset_slots(seeds)\n           ^^^^^^^^^^^^^^^^^^^^^^^\n  File ""Z:\\home\\wjxie\\wjxie\\rl\\th123-Sudo\\SokuRL\\tools\\game_runtime\\batch.py"", line 88, in reset_slots\n    states = self._launch_slots(fresh) if fresh else {}\n             ^^^^^^^^^^^^^^^^^^^^^^^^^\n  File ""Z:\\home\\wjxie\\wjxie\\rl\\th123-Sudo\\SokuRL\\tools\\game_runtime\\batch.py"", line 126, in _launch_slots\n    processes = sokurl._launch_vs_group_from_title(\n                ^^^^^^^^^^^^^^^^^^^^^^^^^^^^^^^^^^^\n  File ""Z:\\home\\wjxie\\wjxie\\rl\\th123-Sudo\\SokuRL\\tools\\sokurl.py"", line 345, in _launch_vs_group_from_title\n    return _start_vs_processes(worker_count, timeout, env, seeds, matches)\n           ^^^^^^^^^^^^^^^^^^^^^^^^^^^^^^^^^^^^^^^^^^^^^^^^^^^^^^^^^^^^^^^\n  File ""Z:\\home\\wjxie\\wjxie\\rl\\th123-Sudo\\SokuRL\\tools\\sokurl.py"", line 365, in _start_vs_processes\n    raise RuntimeError(f""th123 exited before Title bootstrap (PID {process.pid}, ""\nRuntimeError: th123 exited before Title bootstrap (PID 224, exit=0x00000000)\n')",89723b05acd1cd3a3e938cb86a8b556968a9a8fe6af05f1286a147702f6da8c7,38d129901c7ee2828140bba45ce001f1287dab412d9b69b15c7ae755a9c46267,4326188ebd49a09fcb0c2c1540626cbc899722cf39346b2e5a6b2844618940b7,docs/demonstration-initialization.md
logs/training/br-superhuman-reimu-bc-adaptive-20261001-v2,reported_success,true,131072,,,,d2da0147b2b5e3a77aa49c3a1b4f273907b2403358b4f2026ee61de1404c5071,b372e34e9fe19634f8f5e91cb7c4bb47ba0d788e429428e1588412769c5091c9,8249cde0d0786a58d0f4a2275f8a3ea09dbcca185387f1a0d4368cfbd889f668,docs/demonstration-initialization.md
logs/training/br-superhuman-reimu-bc-adaptive-continued-20261001,reported_success,true,262144,,,,5d998686c7dea238405cf5efbf64279f92887fca757b5ad5f94762a9fbb72a55,ce61c1efd8be162855835757b7a2598f98e1ae73d37b9003d1f0afbd2b62dde5,ae934f093a841136c7ef1cc4b5e0c41c1a08f4f9383dd8a65416623bffd4eacd,docs/demonstration-initialization.md
logs/training/br-superhuman-reimu-button-prior-20261001,reported_success,true,131072,,,,6666720c84266f255a84e79a880f58a015ce95441d02e671edb170c06f21dade,3d9366ded77e91388347f7299859debbd023004c4e356bd31ffe12b3604c82d0,03fe1d46dbb16556e7d84ed8d8ff7cc455798d23bba1d4cefdb7754dd115d0b6,docs/algorithms.md
logs/training/br-superhuman-reimu-combat-context-20261001,reported_success,true,131072,,,,6bb42555fcc8728c7a9416433319d69140d1e78fa6956499323a1dd8b22246b5,d8256ee56c0a10acad0e25e17ff1b2aa3b844c55393784b191541ddab62a3a3d,353e3bd9088ac3c3456ef743be1694b832bd6e2f6ff5ece28142e3086766d3e3,docs/algorithms.md
logs/training/br-superhuman-reimu-combat-context-long-20261001,reported_failure,false,,,,"RuntimeError('Traceback (most recent call last):\n  File ""Z:\\home\\wjxie\\wjxie\\rl\\th123-Sudo\\SokuRL\\tools\\rollout_worker.py"", line 47, in main\n    value = backend.reset_matchups(payload[""seeds""], payload[""matches""])\n            ^^^^^^^^^^^^^^^^^^^^^^^^^^^^^^^^^^^^^^^^^^^^^^^^^^^^^^^^^^^^\n  File ""Z:\\home\\wjxie\\wjxie\\rl\\th123-Sudo\\SokuRL\\tools\\game_runtime\\batch.py"", line 123, in reset_matchups\n    return self.reset_slots(seeds)\n           ^^^^^^^^^^^^^^^^^^^^^^^\n  File ""Z:\\home\\wjxie\\wjxie\\rl\\th123-Sudo\\SokuRL\\tools\\game_runtime\\batch.py"", line 88, in reset_slots\n    states = self._launch_slots(fresh) if fresh else {}\n             ^^^^^^^^^^^^^^^^^^^^^^^^^\n  File ""Z:\\home\\wjxie\\wjxie\\rl\\th123-Sudo\\SokuRL\\tools\\game_runtime\\batch.py"", line 126, in _launch_slots\n    processes = sokurl._launch_vs_group_from_title(\n                ^^^^^^^^^^^^^^^^^^^^^^^^^^^^^^^^^^^\n  File ""Z:\\home\\wjxie\\wjxie\\rl\\th123-Sudo\\SokuRL\\tools\\sokurl.py"", line 345, in _launch_vs_group_from_title\n    return _start_vs_processes(worker_count, timeout, env, seeds, matches)\n           ^^^^^^^^^^^^^^^^^^^^^^^^^^^^^^^^^^^^^^^^^^^^^^^^^^^^^^^^^^^^^^^\n  File ""Z:\\home\\wjxie\\wjxie\\rl\\th123-Sudo\\SokuRL\\tools\\sokurl.py"", line 389, in _start_vs_processes\n    raise RuntimeError(f""Title bootstrap timeout: {stalled}"")\nRuntimeError: Title bootstrap timeout: [{\'pid\': 432, \'scene\': 0, \'mode\': 0, \'characters\': (0, 0)}]\n')",8003587b70c0b4b86efa468a5c8582d7b77f105f75f331e638f4e327ad47867a,60fe4c0917e95856f577f3eca1fbd782388755f0f1be7e5ebcfe3ae51b79a9a0,e868ac09117289177c2d2c4792351c754fe541b88bc0dadaaa91383b4f20e029,docs/adaptive-curriculum.md;docs/algorithms.md
logs/training/br-superhuman-reimu-noise90-warmup-20261001,reported_success,true,65536,,,,5c6033d41c9f240b4dcdb5abb445d96b63b025690b9d0d84ef208ef9acde8a50,9151b61016eed0742aa8e7f3a397b2187f74b0c76c2d8508e8c5a0cd67effc87,70ddd254ea3f244168417288cd2e6e94d03afcdcc33252cc80866852eb59557d,docs/algorithms.md
logs/training/br-superhuman-reimu-persistent-20261001,reported_success,true,131072,,,,d0314f93486aaa1ed777f555d5af254db6865a7735923150ace7586e4399c093,1cb12b57a2b91f686bd2f94e8ca503cc889c36e492827431ba21a4da08b959fb,db89f0dd7dbb483ee2c7156547840b9289e9b1bc49f1068c1ab4eb8da2d272cc,docs/adaptive-curriculum.md;docs/algorithms.md
logs/training/br-superhuman-reimu-recurrent-bc-adaptive-20261001,reported_success,true,131072,,,,5e3598e0c1e2b696fa25560a2521aae73b581e69b9649000d74f232e88af2599,873e17c4f063b0b4e17755f59a02cd5e1f3564acdf9b867b1158cf3ee84f0e10,8d0974758731fe030ab35968d88c6ff7f6bc15fbfe3e007aeb2a6b64f8fa7e1a,docs/recurrent-initialization.md
logs/training/br-superhuman-reimu-recurrent-rehearsal-adaptive-20261001,reported_failure,false,,,,RuntimeError('cudnn RNN backward can only be called in training mode'),783129a37b15dc8d579ed46ebfb30f95891e451ed7bf47e6ee2555f77f6945b8,48232d5b3d7a486d480a1c1467115966d733ff40c501e7c6309e71598a1c828f,576f77d0de9bf7f706fb9e6b3637b739848156874f216a5fa2810fd5a64c7336,docs/ppo-rehearsal.md
logs/training/br-superhuman-reimu-recurrent-rehearsal-adaptive-20261001-v2,reported_success,true,131072,,,,26e841d9b70e4eb39c8f2e7222ccd37a3c84f05d46d3f57975b93e94f13546a2,c69d46e406e071255b314eb70775e76b871ecf7254476719c8b2e5400d4fa1e7,adaba7cac9ed803c16ca3a33300a00b82318c5c78741206b9df743b49c55b275,docs/ppo-rehearsal.md
logs/training/br-superhuman-reimu-recurrent-separate-adaptive-20261001,reported_success,true,131072,,,,19ee5cb10dbbf839f8b9dbdaea266ba8de6234df9fb0ede214d3a7a081a8f8f0,7439cb0997447f55ec7d3b3a3f8555bca4f1f8a36203b5eb77954804254157cc,24225c9bf06dbe0543db44aa0dbac28bd3973120c0d07a87b2b8f54b369f4ad8,docs/ppo-behavior-retention.md
logs/training/br-superhuman-reimu-sparse-fresh-20261001,reported_failure,false,,,,"OutOfMemoryError('CUDA out of memory. Tried to allocate 578.00 MiB. GPU 0 has a total capacity of 11.64 GiB of which 75.75 MiB is free. Process 1174696 has 10.65 GiB memory in use. Process 1175167 has 922.00 MiB memory in use. Of the allocated memory 606.33 MiB is allocated by PyTorch, and 15.67 MiB is reserved by PyTorch but unallocated. If reserved but unallocated memory is large try setting PYTORCH_CUDA_ALLOC_CONF=expandable_segments:True to avoid fragmentation.  See documentation for Memory Management  (https://pytorch.org/docs/stable/notes/cuda.html#environment-variables)')",98d9be66cdc1b53ef2607b2aa314c04e1b306cdf8ff102aa99363f1958b4b908,eb1d439e8108794e98e3c5abefbc90d961a67653a693bc615dd8e11217891908,c1edc7e1f9bbf72b9c71a4dc1f93afeace647982ea7c8531886f554fd5af1081,docs/algorithms.md
logs/training/br-superhuman-reimu-sparse-fresh-20261001-v2,reported_success,true,131072,,,,405229ed5d4f111cf7cf225c6a6d3036844ffd5570031fb9df846d901c380ef2,1e568cba15636a0ccea26479b67e852fe84283eed4b007122e6cac9ea24e8166,46ae0f5d59e6388c05d2ccc72f7ab291c52a83c31c38896fdbc254c7c0aaaf6d,docs/algorithms.md
logs/training/br-superhuman-reimu-two-epochs-20261001,reported_success,true,131072,,,,3b85e364a3b809cfc8fd5a220d4d1c683d7724b7b414a4dcae680b12ecfe153c,c33a752f976851b6880b587d1d1d497becfa5f5fe2a7e093b9638b92f7006095,b866e3a8e3ad742819cda239d3bea256041f10b5f7c495a03f9386174d7a7961,docs/algorithms.md
logs/training/ippo-human-state-v1,reported_failure,false,,,,ValueError('Cannot close a process while it is still running. You should first call join() or terminate().'),56c08f1c990286701258c2e753879e9262f83e9788ddb5b7735065b79e611925,214822fa0e695263fa4aa11f57992e1555b22020d692bc176aa388c039ae8dfe,9faa15b57bc31605cddd003f2a1c3942574507c91931e6099331817b56fd1634,
logs/training/linux-ppo-human,reported_success,true,,,,,b325d05fad995ed9bf2f999bcb97709d2767a8d44062da8053e272a597670866,9f395ec7c5f0e77bc4b7a382be556981c79e6d2bf32594e809b25947c96bf441,c110fd2e26ac7e6e2c8391511c1f261b6a8374d861a628c24a072300b1ef469f,docs/linux-development.md
logs/training/nfsp-human-state-v1,reported_success,true,,,,,cd9a7730d3cccd48cba487f7bd9c736850f3cb89b69c36cbfce5531f511bc0e4,8bf074d823d69aaac78fd1d1159878ef31b41b5fc8f448f51eea952a94176fd4,a18255e0c82b45ca8298ecc39a4e0ceaaedc53bb8df07043cb0b15849d778095,docs/env-validation.md
